#,Company,Symbol,Weight,Price,Chg,% Chg,date,Volume,EPS (Trailing),EPS (Forward),P/E (Trailing),P/E (Forward),Dividend Yield,Market Cap
1,Apple Inc.,AAPL,7.139484,165.65,0.75,(0.45%),2023-04-03,"36,607,187",5.89,6.61,28.02,24.96,0.56%,2587.55B
2,Microsoft Corporation,MSFT,6.247385,286.08,-2.22,(-0.77%),2023-04-03,"17,008,050",8.99,10.75,32.05,26.82,0.94%,2123.79B
3,Amazon.com Inc.,AMZN,2.680672,101.96,-1.34,(-1.29%),2023-04-03,"29,999,015",-0.27,2.52,-,41.07,-,1064.70B
4,NVIDIA Corporation,NVDA,1.989199,277.07,-0.71,(-0.25%),2023-04-03,"29,175,826",1.74,5.99,159.55,46.35,0.06%,696.65B
5,Alphabet Inc. Class A,GOOGL,1.798529,103.62,-0.11,(-0.11%),2023-04-03,"14,883,535",4.49,6.10,23.12,16.99,-,1334.36B
6,Tesla Inc.,TSLA,1.624283,194.21,-13.3,(-6.39%),2023-04-03,"144,482,853",3.62,5.47,57.23,37.93,-,662.66B
7,Berkshire Hathaway Inc. Class B,BRK.B,1.619496,310.81,2.04,(0.66%),2023-04-03,"2,189,291",-,17.79,-,17.36,-,677.07B
8,Alphabet Inc. Class C,GOOG,1.571954,103.95,-0.05,(-0.05%),2023-04-03,"12,344,955",4.72,6.09,22.03,17.08,-,1327.77B
9,Meta Platforms Inc. Class A,META,1.373253,212.49,0.55,(0.26%),2023-04-03,"12,735,657",8.36,12.06,25.36,17.57,-,544.87B
10,Exxon Mobil Corporation,XOM,1.3146,116.16,6.5,(5.93%),2023-04-03,"17,653,146",13.27,9.96,8.26,11.01,3.32%,445.91B
11,UnitedHealth Group Incorporated,UNH,1.285433,495.39,22.8,(4.82%),2023-04-03,"3,262,009",21.18,28.28,22.31,16.71,1.40%,435.22B
12,Johnson & Johnson,JNJ,1.179712,156.78,1.78,(1.15%),2023-04-03,"3,330,209",6.74,10.89,23.01,14.23,2.92%,478.76B
13,JPMorgan Chase & Co.,JPM,1.1127,130.3,-0.01,(-0.01%),2023-04-03,"6,423,937",12.09,13.45,10.78,9.69,3.07%,389.47B
14,Visa Inc. Class A,V,1.066523,228.53,3.07,(1.36%),2023-04-03,"3,270,734",7.16,9.67,31.51,23.32,0.80%,467.30B
15,Procter & Gamble Company,PG,1.02116,149.71,1.02,(0.69%),2023-04-03,"2,714,844",5.69,6.33,26.11,23.48,2.46%,343.78B
16,Mastercard Incorporated Class A,MA,0.89259,366.35,2.94,(0.81%),2023-04-03,"1,408,836",10.22,14.51,35.54,25.05,0.63%,349.12B
17,Home Depot Inc.,HD,0.875608,296.9,1.78,(0.60%),2023-04-03,"2,230,357",16.69,16.81,17.68,17.55,2.83%,300.48B
18,Chevron Corporation,CVX,0.84496,170.22,7.06,(4.33%),2023-04-03,"8,845,586",18.26,14.97,8.94,10.90,3.70%,308.02B
19,AbbVie Inc.,ABBV,0.820473,159.86,0.49,(0.30%),2023-04-03,"2,491,368",6.63,11.12,24.04,14.34,3.71%,276.31B
20,Eli Lilly and Company,LLY,0.788438,351.11,7.69,(2.24%),2023-04-03,"1,907,399",6.91,11.71,49.70,29.32,1.32%,323.66B
21,Merck & Co. Inc.,MRK,0.785243,109.18,2.79,(2.62%),2023-04-03,"3,631,403",5.71,8.58,18.62,12.41,2.74%,268.61B
22,Broadcom Inc.,AVGO,0.780446,641.97,0.43,(0.07%),2023-04-03,"823,689",29.74,44.20,21.57,14.51,2.87%,268.76B
23,PepsiCo Inc.,PEP,0.7309,182.55,0.25,(0.14%),2023-04-03,"2,178,036",6.48,7.88,28.15,23.14,2.52%,246.26B
24,Coca-Cola Company,KO,0.702813,62.46,0.43,(0.69%),2023-04-03,"7,295,467",2.19,2.80,28.29,22.18,2.97%,264.04B
25,Pfizer Inc.,PFE,0.666712,41.43,0.63,(1.53%),2023-04-03,"11,380,433",5.47,3.78,7.45,10.79,4.02%,229.09B
26,Thermo Fisher Scientific Inc.,TMO,0.658055,567.96,-8.41,(-1.46%),2023-04-03,"608,227",17.64,26.75,32.68,21.54,0.24%,220.93B
27,Costco Wholesale Corporation,COST,0.64183,497.08,0.21,(0.04%),2023-04-03,"923,538",13.61,15.69,36.51,31.67,0.72%,217.01B
28,Cisco Systems Inc.,CSCO,0.625164,52.29,0.01,(0.02%),2023-04-03,"7,053,912",2.73,4.03,19.15,12.97,2.98%,210.80B
29,Walmart Inc.,WMT,0.601941,148.86,1.41,(0.95%),2023-04-03,"3,711,521",4.27,6.74,34.51,21.86,1.55%,394.25B
30,McDonald's Corporation,MCD,0.596175,282.64,3.03,(1.08%),2023-04-03,"1,313,799",8.34,11.70,33.51,23.91,2.17%,203.25B
31,Salesforce Inc.,CRM,0.58158,196.68,-3.1,(-1.55%),2023-04-03,"3,516,516",0.21,8.89,969.81,22.47,-,197.03B
32,Bank of America Corp,BAC,0.581099,28.64,0.04,(0.12%),2023-04-03,"32,504,154",3.19,3.65,8.98,7.85,3.08%,227.35B
33,Walt Disney Company,DIS,0.532493,99.76,-0.37,(-0.37%),2023-04-03,"4,693,811",1.82,5.50,55.08,18.21,-,186.32B
34,Accenture Plc Class A,ACN,0.523962,285.88,0.07,(0.03%),2023-04-03,"1,605,873",10.86,12.51,26.31,22.84,1.57%,187.94B
35,Abbott Laboratories,ABT,0.51397,101.24,-0.03,(-0.02%),2023-04-03,"3,189,130",3.92,4.84,25.80,20.92,2.01%,174.17B
36,Adobe Incorporated,ADBE,0.513583,380.15,-5.22,(-1.35%),2023-04-03,"1,426,334",10.14,17.60,38.00,21.89,-,173.62B
37,Linde plc,LIN,0.509604,357.66,2.22,(0.62%),2023-04-03,"859,481",8.24,14.76,43.15,24.09,1.43%,173.20B
38,Texas Instruments Incorporated,TXN,0.490594,183.86,-2.15,(-1.15%),2023-04-03,"1,825,726",9.40,8.44,19.78,22.04,2.67%,169.50B
39,Danaher Corporation,DHR,0.480928,249.73,-2.31,(-0.92%),2023-04-03,"1,212,012",9.66,11.07,26.08,22.76,0.43%,182.71B
40,Verizon Communications Inc.,VZ,0.475481,39.23,0.34,(0.86%),2023-04-03,"10,321,530",5.06,4.72,7.69,8.24,6.71%,162.08B
41,Comcast Corporation Class A,CMCSA,0.464242,38.17,0.26,(0.67%),2023-04-03,"10,405,226",1.19,4.11,31.83,9.23,3.06%,160.05B
42,Advanced Micro Devices Inc.,AMD,0.460033,95.91,-2.1,(-2.14%),2023-04-03,"39,573,070",0.89,4.33,110.75,22.65,-,161.69B
43,Netflix Inc.,NFLX,0.447901,346.7,1.22,(0.35%),2023-04-03,"3,201,669",9.14,14.38,37.81,24.02,-,150.10B
44,NextEra Energy Inc.,NEE,0.445896,76.79,-0.29,(-0.37%),2023-04-03,"3,117,235",2.09,3.38,36.88,22.83,2.43%,149.39B
45,NIKE Inc. Class B,NKE,0.444725,121.45,-1.19,(-0.97%),2023-04-03,"2,904,303",3.47,4.03,35.38,30.40,1.11%,190.57B
46,Philip Morris International Inc.,PM,0.438879,98.1,0.85,(0.88%),2023-04-03,"1,264,356",5.81,6.91,16.73,14.07,5.22%,149.96B
47,Bristol-Myers Squibb Company,BMY,0.428994,69.85,0.54,(0.78%),2023-04-03,"3,342,274",2.95,8.20,23.48,8.46,3.29%,143.96B
48,Raytheon Technologies Corporation,RTX,0.417636,100.62,2.69,(2.74%),2023-04-03,"2,534,670",3.51,5.82,27.88,16.82,2.25%,142.64B
49,Oracle Corporation,ORCL,0.415722,93.51,0.59,(0.63%),2023-04-03,"4,659,501",3.04,5.58,30.54,16.66,1.72%,250.21B
50,QUALCOMM Incorporated,QCOM,0.414935,124.64,-2.94,(-2.31%),2023-04-03,"3,524,948",10.46,11.40,12.20,11.19,2.35%,141.56B
51,Wells Fargo & Company,WFC,0.414647,37.76,0.38,(1.01%),2023-04-03,"11,512,345",3.14,5.25,11.89,7.12,3.21%,142.67B
52,United Parcel Service Inc. Class B,UPS,0.412148,192.67,-1.32,(-0.68%),2023-04-03,"1,260,236",13.21,12.33,14.68,15.73,3.34%,165.49B
53,AT&T Inc.,T,0.399445,19.36,0.11,(0.55%),2023-04-03,"18,482,467",-1.26,2.51,-,7.68,5.77%,136.11B
54,Intel Corporation,INTC,0.393453,32.84,0.17,(0.51%),2023-04-03,"41,126,557",1.95,1.88,16.75,17.42,1.53%,133.64B
55,Amgen Inc.,AMGN,0.37579,244.23,2.48,(1.02%),2023-04-03,"978,618",12.12,18.82,19.95,12.84,3.52%,126.42B
56,Honeywell International Inc.,HON,0.371734,193.25,2.13,(1.11%),2023-04-03,"1,508,017",7.27,10.04,26.29,19.03,2.16%,126.85B
57,Intuit Inc.,INTU,0.365229,440.34,-5.49,(-1.23%),2023-04-03,"753,502",6.81,15.53,65.46,28.71,0.70%,125.92B
58,Union Pacific Corporation,UNP,0.358491,199.02,-2.24,(-1.11%),2023-04-03,"1,074,455",11.22,12.63,17.94,15.94,2.58%,121.64B
59,ConocoPhillips,COP,0.353463,108.34,9.13,(9.21%),2023-04-03,"7,574,709",14.56,11.11,6.82,8.93,5.38%,122.17B
60,Lowe's Companies Inc.,LOW,0.352021,202.98,3.01,(1.51%),2023-04-03,"2,070,741",10.00,14.73,20.00,13.58,2.10%,120.33B
61,Starbucks Corporation,SBUX,0.348392,104.67,0.54,(0.51%),2023-04-03,"2,213,299",2.88,4.08,36.13,25.51,2.04%,119.77B
62,Boeing Company,BA,0.347756,214.69,2.26,(1.06%),2023-04-03,"4,675,466",-8.30,5.53,-,38.45,-,127.52B
63,Caterpillar Inc.,CAT,0.346683,229.95,1.11,(0.49%),2023-04-03,"1,483,162",12.64,17.21,18.10,13.30,2.10%,119.48B
64,International Business Machines Corporation,IBM,0.345031,132.25,1.16,(0.89%),2023-04-03,"1,792,105",1.90,10.13,69.03,12.94,5.03%,117.09B
65,Prologis Inc.,PLD,0.334745,123.36,-1.41,(-1.13%),2023-04-03,"1,498,025",4.36,2.85,28.65,43.73,2.79%,112.38B
66,Morgan Stanley,MS,0.333936,87.26,-0.54,(-0.61%),2023-04-03,"3,418,204",6.14,8.19,14.31,10.72,3.53%,151.00B
67,S&P Global Inc.,SPGI,0.330411,346.28,1.51,(0.44%),2023-04-03,"598,738",10.50,14.37,32.85,23.99,1.04%,110.26B
68,Deere & Company,DE,0.325026,414.63,1.75,(0.42%),2023-04-03,"1,131,884",26.96,32.15,15.32,12.84,1.21%,124.04B
69,Goldman Sachs Group Inc.,GS,0.322462,326.06,-1.05,(-0.32%),2023-04-03,"978,219",30.06,40.08,10.88,8.16,3.06%,109.98B
70,Elevance Health Inc.,ELV,0.319692,478.14,18.33,(3.99%),2023-04-03,"814,265",24.79,36.99,18.55,12.43,1.29%,106.70B
71,Lockheed Martin Corporation,LMT,0.312683,487.46,14.73,(3.12%),2023-04-03,"884,305",21.72,27.97,21.76,16.90,2.54%,118.64B
72,Medtronic Plc,MDT,0.312184,79.48,-1.14,(-1.41%),2023-04-03,"3,575,883",3.04,5.29,26.50,15.23,3.37%,104.83B
73,General Electric Company,GE,0.302637,96.68,1.08,(1.13%),2023-04-03,"3,081,968",0.54,3.84,176.06,24.89,0.33%,104.48B
74,Applied Materials Inc.,AMAT,0.301461,121.58,-1.25,(-1.02%),2023-04-03,"2,799,242",7.46,6.84,16.46,17.96,1.04%,106.63B
75,Gilead Sciences Inc.,GILD,0.301194,83.47,0.5,(0.60%),2023-04-03,"1,990,223",3.64,7.22,22.81,11.50,3.62%,101.87B
76,Booking Holdings Inc.,BKNG,0.299062,2668.69,16.28,(0.61%),2023-04-03,"140,330",77.88,156.20,34.06,16.98,-,101.43B
77,BlackRock Inc.,BLK,0.292201,667.69,-1.44,(-0.21%),2023-04-03,"295,479",33.95,39.90,19.71,16.77,2.99%,101.60B
78,Analog Devices Inc.,ADI,0.291,195.94,-1.28,(-0.65%),2023-04-03,"1,918,498",6.62,10.93,29.78,18.04,1.74%,100.70B
79,American Express Company,AXP,0.286535,163.76,-1.19,(-0.72%),2023-04-03,"1,330,336",9.83,12.55,16.78,13.14,1.45%,125.02B
80,Stryker Corporation,SYK,0.280188,286.64,1.17,(0.41%),2023-04-03,"777,452",6.17,11.13,46.26,25.65,1.05%,107.20B
81,CVS Health Corporation,CVS,0.277784,76.36,2.05,(2.75%),2023-04-03,"6,723,128",3.12,9.09,23.81,8.17,3.26%,94.26B
82,Mondelez International Inc. Class A,MDLZ,0.276762,70.39,0.67,(0.96%),2023-04-03,"2,728,251",1.96,3.44,35.57,20.27,2.21%,92.52B
83,American Tower Corporation,AMT,0.276528,200.38,-3.96,(-1.94%),2023-04-03,"1,268,514",3.84,5.00,53.21,40.88,3.05%,91.34B
84,ServiceNow Inc.,NOW,0.274635,462.34,-2.38,(-0.51%),2023-04-03,"706,502",1.60,11.35,291.00,40.94,-,95.51B
85,Automatic Data Processing Inc.,ADP,0.268543,216.72,-5.91,(-2.66%),2023-04-03,"1,380,598",7.53,9.01,29.58,24.72,2.25%,92.03B
86,TJX Companies Inc,TJX,0.264399,78.72,0.36,(0.46%),2023-04-03,"2,597,878",2.97,3.91,26.35,20.05,1.51%,90.26B
87,Citigroup Inc.,C,0.263943,46.95,0.06,(0.12%),2023-04-03,"10,490,049",7.11,6.68,6.60,7.02,4.35%,91.99B
88,Intuitive Surgical Inc.,ISRG,0.260587,253.28,-2.19,(-0.86%),2023-04-03,"678,018",3.65,6.21,69.95,41.13,-,85.31B
89,Regeneron Pharmaceuticals Inc.,REGN,0.257144,824.32,2.65,(0.32%),2023-04-03,"232,596",38.24,44.96,21.49,18.27,-,87.88B
90,PayPal Holdings Inc.,PYPL,0.250113,75.1,-0.85,(-1.11%),2023-04-03,"4,784,084",2.10,5.62,36.25,13.50,-,84.38B
91,T-Mobile US Inc.,TMUS,0.249742,146.29,1.45,(1.00%),2023-04-03,"3,094,330",2.33,9.64,62.30,15.02,-,176.32B
92,Progressive Corporation,PGR,0.243273,145.21,2.15,(1.50%),2023-04-03,"681,161",1.16,7.91,123.33,18.10,0.28%,82.20B
93,Marsh & McLennan Companies Inc.,MMC,0.240082,169.03,2.48,(1.49%),2023-04-03,"627,500",6.03,8.33,27.62,20.00,1.42%,81.41B
94,Vertex Pharmaceuticals Incorporated,VRTX,0.235803,316.37,1.3,(0.41%),2023-04-03,"388,427",12.82,15.47,24.58,20.36,-,78.52B
95,Chubb Limited,CB,0.234223,197.11,2.93,(1.51%),2023-04-03,"764,340",12.52,20.10,15.52,9.66,1.71%,80.36B
96,Altria Group Inc.,MO,0.23274,45.12,0.5,(1.11%),2023-04-03,"4,029,628",3.19,5.30,13.99,8.42,8.43%,78.75B
97,Charles Schwab Corp,SCHW,0.232585,51.78,-0.6,(-1.15%),2023-04-03,"18,113,425",3.50,5.04,14.94,10.39,1.91%,95.83B
98,Zoetis Inc. Class A,ZTS,0.225445,167.27,0.83,(0.50%),2023-04-03,"1,304,680",4.50,6.08,37.03,27.37,0.90%,75.75B
99,Cigna Group,CI,0.222177,263.71,8.18,(3.20%),2023-04-03,"1,491,301",21.37,28.24,11.96,9.05,1.93%,74.84B
100,Target Corporation,TGT,0.221553,166.15,0.52,(0.32%),2023-04-03,"1,668,943",5.98,10.56,27.68,15.69,2.61%,76.20B
101,Southern Company,SO,0.220151,69.28,-0.3,(-0.44%),2023-04-03,"2,332,233",3.27,4.03,21.27,17.28,3.91%,73.28B
102,Duke Energy Corporation,DUK,0.215918,95.72,-0.75,(-0.78%),2023-04-03,"2,325,580",4.89,5.98,19.72,16.12,4.17%,72.07B
103,Fiserv Inc.,FISV,0.208587,112.87,-0.16,(-0.14%),2023-04-03,"1,484,585",3.91,8.38,28.93,13.49,-,70.10B
104,Boston Scientific Corporation,BSX,0.208267,49.47,-0.57,(-1.13%),2023-04-03,"5,041,226",0.45,2.15,112.17,23.27,-,71.37B
105,Lam Research Corporation,LRCX,0.208241,519.55,-10.6,(-1.99%),2023-04-03,"659,687",37.20,27.14,14.25,19.53,1.30%,74.60B
106,Becton Dickinson and Company,BDX,0.20444,247.58,0.04,(0.01%),2023-04-03,"544,795",5.18,13.62,47.82,18.17,1.47%,68.94B
107,Schlumberger N.V.,SLB,0.202995,52.56,3.46,(7.04%),2023-04-03,"15,018,783",2.39,3.73,20.52,13.18,2.04%,71.16B
108,CME Group Inc. Class A,CME,0.200239,190.95,-0.58,(-0.30%),2023-04-03,"657,160",7.40,8.81,25.89,21.74,2.30%,67.58B
109,Eaton Corp. Plc,ETN,0.198369,170.46,-0.88,(-0.51%),2023-04-03,"666,389",6.14,9.16,27.90,18.71,2.01%,68.66B
110,Illinois Tool Works Inc.,ITW,0.197777,243.14,-0.31,(-0.13%),2023-04-03,"504,675",9.77,10.34,24.91,23.56,2.15%,74.16B
111,EOG Resources Inc.,EOG,0.195674,121.15,6.52,(5.69%),2023-04-03,"3,018,470",13.21,13.43,8.68,8.53,2.88%,66.92B
112,Northrop Grumman Corp.,NOC,0.194285,470.94,9.22,(2.00%),2023-04-03,"360,107",31.50,24.45,14.66,18.89,1.50%,68.99B
113,Equinix Inc.,EQIX,0.193929,710.11,-10.9,(-1.52%),2023-04-03,"318,519",7.67,10.46,93.95,68.93,1.89%,65.40B
114,Micron Technology Inc.,MU,0.191673,59.0,-1.34,(-2.22%),2023-04-03,"18,151,974",5.51,1.14,10.94,53.07,0.76%,66.04B
115,Aon Plc Class A,AON,0.189566,318.21,2.92,(0.93%),2023-04-03,"478,841",12.12,16.22,26.01,19.43,0.71%,63.39B
116,Air Products and Chemicals Inc.,APD,0.185148,287.52,0.31,(0.11%),2023-04-03,"492,720",10.13,12.49,28.34,22.99,2.44%,63.61B
117,CSX Corporation,CSX,0.182945,29.84,-0.11,(-0.35%),2023-04-03,"4,553,745",1.95,2.04,15.37,14.71,1.47%,61.38B
118,Colgate-Palmolive Company,CL,0.18272,75.33,0.18,(0.24%),2023-04-03,"1,836,566",2.12,3.41,35.38,22.03,2.55%,61.05B
119,Marathon Petroleum Corporation,MPC,0.178195,135.21,0.38,(0.28%),2023-04-03,"3,123,905",28.44,13.25,4.74,10.17,2.23%,60.24B
120,Activision Blizzard Inc.,ATVI,0.177451,85.25,-0.35,(-0.40%),2023-04-03,"4,475,137",1.92,4.15,44.62,20.62,0.55%,63.38B
121,Waste Management Inc.,WM,0.177132,164.64,1.47,(0.90%),2023-04-03,"1,002,537",5.39,6.71,30.26,24.33,1.72%,64.98B
122,Humana Inc.,HUM,0.17662,508.53,23.07,(4.75%),2023-04-03,"781,974",22.04,31.94,22.03,15.20,0.73%,59.38B
123,Synopsys Inc.,SNPS,0.171378,387.57,1.32,(0.34%),2023-04-03,"453,437",6.05,12.11,63.84,31.91,-,59.27B
124,Freeport-McMoRan Inc.,FCX,0.170224,40.94,0.03,(0.08%),2023-04-03,"5,241,027",2.38,2.34,17.19,17.51,1.83%,58.19B
125,Intercontinental Exchange Inc.,ICE,0.169666,105.34,1.05,(1.01%),2023-04-03,"1,241,843",2.57,5.97,40.56,17.47,1.61%,57.71B
126,3M Company,MMM,0.168861,104.38,-0.73,(-0.69%),2023-04-03,"2,155,903",10.14,9.53,10.36,11.03,5.71%,57.78B
127,Crown Castle Inc.,CCI,0.168429,131.98,-1.87,(-1.39%),2023-04-03,"617,741",3.86,3.58,34.68,37.43,4.68%,55.45B
128,Cadence Design Systems Inc.,CDNS,0.167773,210.58,0.49,(0.23%),2023-04-03,"818,932",3.09,5.59,68.06,37.58,-,58.05B
129,Estee Lauder Companies Inc. Class A,EL,0.16622,246.98,0.52,(0.21%),2023-04-03,"801,005",4.12,7.34,59.75,33.57,1.07%,86.96B
130,HCA Healthcare Inc,HCA,0.162482,264.0,0.32,(0.12%),2023-04-03,"469,193",19.24,19.36,13.70,13.62,0.91%,72.69B
131,KLA Corporation,KLAC,0.160919,397.96,-1.21,(-0.30%),2023-04-03,"410,723",24.32,19.17,16.41,20.83,1.30%,57.30B
132,Valero Energy Corporation,VLO,0.156429,137.65,-1.95,(-1.39%),2023-04-03,"4,417,377",29.12,16.38,4.79,8.52,2.92%,52.26B
133,FedEx Corporation,FDX,0.154457,228.19,-0.3,(-0.13%),2023-04-03,"1,121,739",11.60,18.35,19.70,12.45,2.01%,57.25B
134,O'Reilly Automotive Inc.,ORLY,0.154449,868.39,19.41,(2.29%),2023-04-03,"207,322",33.49,41.05,25.35,20.68,-,51.89B
135,Sherwin-Williams Company,SHW,0.154301,225.91,1.14,(0.50%),2023-04-03,"1,177,230",7.72,9.93,29.10,22.65,1.08%,57.39B
136,General Dynamics Corporation,GD,0.149502,232.7,4.49,(1.97%),2023-04-03,"577,231",12.19,14.79,18.72,15.44,2.31%,61.68B
137,PNC Financial Services Group Inc.,PNC,0.148992,125.61,-1.49,(-1.17%),2023-04-03,"2,188,364",13.84,15.24,9.18,8.34,4.72%,49.97B
138,General Motors Company,GM,0.148918,36.29,-0.4,(-1.08%),2023-04-03,"7,281,742",6.13,6.36,5.98,5.76,0.98%,51.20B
139,Edwards Lifesciences Corporation,EW,0.148743,81.9,-0.83,(-1.00%),2023-04-03,"1,292,707",2.44,2.85,33.92,29.02,-,49.57B
140,General Mills Inc.,GIS,0.147491,86.22,0.76,(0.89%),2023-04-03,"1,603,149",4.63,4.45,18.45,19.22,2.53%,48.81B
141,Moderna Inc.,MRNA,0.147448,158.2,4.62,(3.00%),2023-04-03,"2,174,241",19.96,-3.35,7.69,-,-,58.66B
142,U.S. Bancorp,USB,0.146211,35.79,-0.26,(-0.72%),2023-04-03,"6,836,024",3.69,5.34,9.76,6.75,5.33%,55.47B
143,Emerson Electric Co.,EMR,0.144941,87.16,0.02,(0.02%),2023-04-03,"1,556,733",4.48,4.58,19.45,19.01,2.39%,49.92B
144,Ford Motor Company,F,0.144109,12.61,0.01,(0.04%),2023-04-03,"37,835,216",-0.49,1.65,-,7.64,4.76%,49.83B
145,McKesson Corporation,MCK,0.141937,364.47,8.42,(2.36%),2023-04-03,"554,168",21.85,26.44,16.30,13.47,0.61%,47.25B
146,Amphenol Corporation Class A,APH,0.141345,81.11,-0.61,(-0.74%),2023-04-03,"1,626,642",3.06,3.31,26.67,24.70,1.03%,48.45B
147,Pioneer Natural Resources Company,PXD,0.141183,214.09,9.85,(4.82%),2023-04-03,"2,685,484",31.01,23.87,6.59,8.56,13.34%,47.24B
148,Norfolk Southern Corporation,NSC,0.140577,208.3,-3.71,(-1.75%),2023-04-03,"591,904",13.88,14.88,15.27,14.25,2.55%,48.09B
149,NXP Semiconductors NV,NXPI,0.140429,181.68,-4.8,(-2.57%),2023-04-03,"801,167",10.56,13.84,17.67,13.48,2.18%,49.90B
150,Moody's Corporation,MCO,0.139822,304.27,-1.75,(-0.57%),2023-04-03,"473,662",7.69,11.14,39.80,27.47,1.01%,55.63B
151,Motorola Solutions Inc.,MSI,0.139272,285.37,-0.76,(-0.26%),2023-04-03,"335,677",7.93,12.48,36.08,22.92,1.23%,47.23B
152,Public Storage,PSA,0.139038,309.79,7.65,(2.53%),2023-04-03,"2,720,636",23.49,12.06,12.86,25.04,3.97%,52.29B
153,Sempra Energy,SRE,0.138102,150.67,-0.49,(-0.32%),2023-04-03,"666,167",6.62,9.60,22.84,15.75,3.15%,46.52B
154,Phillips 66,PSX,0.13753,103.12,1.74,(1.71%),2023-04-03,"2,334,285",22.93,13.26,4.42,7.65,4.14%,46.94B
155,Chipotle Mexican Grill Inc.,CMG,0.137369,1716.12,7.83,(0.46%),2023-04-03,"141,482",32.06,51.12,53.28,33.42,-,47.42B
156,Dollar General Corporation,DG,0.136977,212.3,1.84,(0.87%),2023-04-03,"1,266,475",10.68,12.55,19.71,16.77,1.12%,46.38B
157,American Electric Power Company Inc.,AEP,0.13588,91.2,0.21,(0.23%),2023-04-03,"1,378,303",4.50,5.64,20.22,16.13,3.65%,44.83B
158,Roper Technologies Inc.,ROP,0.135843,443.25,2.56,(0.58%),2023-04-03,"363,146",9.23,17.31,47.76,25.46,0.62%,46.33B
159,Dominion Energy Inc,D,0.135624,55.82,-0.09,(-0.16%),2023-04-03,"1,444,906",1.06,3.82,52.70,14.65,4.78%,45.30B
160,AutoZone Inc.,AZO,0.134279,2523.66,65.51,(2.67%),2023-04-03,"130,043",122.14,145.66,20.13,16.88,-,44.81B
161,Microchip Technology Incorporated,MCHP,0.133621,82.48,-1.3,(-1.55%),2023-04-03,"1,550,228",3.70,6.23,22.64,13.44,1.71%,47.55B
162,Occidental Petroleum Corporation,OXY,0.131926,65.34,2.91,(4.66%),2023-04-03,"19,015,953",12.43,5.85,5.02,10.67,1.15%,56.48B
163,Kimberly-Clark Corporation,KMB,0.131875,135.04,0.82,(0.61%),2023-04-03,"847,068",5.72,6.76,23.48,19.87,3.52%,44.21B
164,Truist Financial Corporation,TFC,0.131488,33.32,-0.78,(-2.29%),2023-04-03,"8,208,206",4.43,5.12,7.70,6.66,6.10%,44.85B
165,Autodesk Inc.,ADSK,0.130852,206.13,-2.03,(-0.98%),2023-04-03,"788,251",3.78,8.36,55.13,24.90,-,44.91B
166,DexCom Inc.,DXCM,0.13042,115.53,-0.65,(-0.56%),2023-04-03,"964,788",0.80,1.45,145.04,80.12,-,45.05B
167,MSCI Inc. Class A,MSCI,0.130084,553.58,-6.12,(-1.09%),2023-04-03,"139,408",10.72,14.91,52.22,37.55,0.99%,45.13B
168,Marriott International Inc. Class A,MAR,0.129848,163.87,-2.17,(-1.31%),2023-04-03,"984,341",7.25,8.60,22.90,19.30,0.96%,52.28B
169,Archer-Daniels-Midland Company,ADM,0.127186,80.54,0.88,(1.10%),2023-04-03,"1,231,405",7.70,6.68,10.34,11.93,2.26%,42.69B
170,Parker-Hannifin Corporation,PH,0.125508,337.02,0.91,(0.27%),2023-04-03,"627,587",9.68,21.45,34.71,15.67,1.58%,43.05B
171,Corteva Inc,CTVA,0.125408,60.75,0.44,(0.73%),2023-04-03,"1,632,714",1.65,3.47,36.60,17.39,0.99%,42.95B
172,Fortinet Inc.,FTNT,0.125234,65.97,-0.49,(-0.73%),2023-04-03,"1,784,101",1.07,1.68,62.17,39.68,-,52.32B
173,Trane Technologies plc,TT,0.123138,183.93,-0.06,(-0.03%),2023-04-03,"549,933",7.58,9.11,24.27,20.20,1.63%,42.34B
174,TE Connectivity Ltd.,TEL,0.121499,130.57,-0.59,(-0.45%),2023-04-03,"760,810",7.00,7.66,18.74,17.12,1.80%,41.66B
175,Exelon Corporation,EXC,0.121183,42.02,0.13,(0.31%),2023-04-03,"2,099,543",2.08,2.50,20.14,16.72,3.44%,40.57B
176,Arista Networks Inc.,ANET,0.12094,167.36,-0.5,(-0.30%),2023-04-03,"2,043,961",4.28,6.48,39.26,25.91,-,51.57B
177,IDEXX Laboratories Inc.,IDXX,0.120631,484.59,-15.5,(-3.10%),2023-04-03,"366,095",8.03,10.93,62.29,45.76,-,40.88B
178,Johnson Controls International plc,JCI,0.120114,60.38,0.16,(0.27%),2023-04-03,"1,526,487",1.83,4.02,32.82,14.97,2.39%,41.73B
179,Monster Beverage Corporation,MNST,0.119556,53.72,-0.3,(-0.55%),2023-04-03,"2,337,574",2.23,3.53,24.17,15.29,-,27.76B
180,Ecolab Inc.,ECL,0.119407,165.31,-0.22,(-0.13%),2023-04-03,"454,778",3.81,5.81,43.43,28.49,1.28%,46.15B
181,Agilent Technologies Inc.,A,0.119018,137.4,-0.94,(-0.68%),2023-04-03,"981,787",4.43,6.31,31.19,21.94,0.65%,40.65B
182,Arthur J. Gallagher & Co.,AJG,0.118123,193.34,2.03,(1.06%),2023-04-03,"460,388",5.20,9.90,36.80,19.33,1.15%,40.31B
183,Biogen Inc.,BIIB,0.116709,276.5,-1.53,(-0.55%),2023-04-03,"406,727",20.92,16.51,13.29,16.84,-,39.45B
184,Cintas Corporation,CTAS,0.116347,459.9,-2.78,(-0.60%),2023-04-03,"153,238",12.29,14.15,37.64,32.71,0.99%,46.68B
185,Realty Income Corporation,O,0.115421,62.66,-0.66,(-1.05%),2023-04-03,"2,285,479",1.42,1.48,44.59,42.78,4.83%,40.61B
186,Travelers Companies Inc.,TRV,0.115319,172.54,1.13,(0.66%),2023-04-03,"653,970",11.76,16.82,14.58,10.19,2.17%,39.53B
187,Sysco Corporation,SYY,0.113959,78.18,0.95,(1.23%),2023-04-03,"798,611",2.77,4.61,27.84,16.76,2.54%,38.46B
188,Nucor Corporation,NUE,0.11377,154.23,-0.24,(-0.15%),2023-04-03,"1,034,065",29.05,11.92,5.32,12.96,1.32%,38.75B
189,Newmont Corporation,NEM,0.113268,49.1,0.08,(0.16%),2023-04-03,"3,873,586",-0.57,2.18,-,22.50,3.26%,38.34B
190,Dow Inc.,DOW,0.112114,55.14,0.32,(0.58%),2023-04-03,"2,770,405",6.25,4.86,8.78,11.28,5.11%,38.71B
191,Carrier Global Corp.,CARR,0.111536,45.67,-0.08,(-0.17%),2023-04-03,"3,006,830",4.09,2.84,11.18,16.11,1.62%,38.53B
192,TransDigm Group Incorporated,TDG,0.111282,744.21,7.16,(0.97%),2023-04-03,"100,766",14.69,26.79,50.16,27.51,-,40.09B
193,PACCAR Inc,PCAR,0.110984,72.74,-0.46,(-0.62%),2023-04-03,"1,199,056",5.17,5.62,14.16,13.02,1.37%,38.20B
194,MetLife Inc.,MET,0.110976,58.3,0.36,(0.62%),2023-04-03,"2,454,714",2.54,9.15,22.78,6.33,3.45%,44.83B
195,Charter Communications Inc. Class A,CHTR,0.109652,353.9,-3.71,(-1.04%),2023-04-03,"486,120",30.76,40.27,11.63,8.88,-,60.16B
196,Hilton Worldwide Holdings Inc,HLT,0.10927,139.68,-1.19,(-0.85%),2023-04-03,"661,695",4.54,6.63,31.04,21.26,0.43%,38.63B
197,Hershey Company,HSY,0.108846,257.13,2.72,(1.07%),2023-04-03,"415,226",7.19,10.09,35.36,25.21,1.63%,51.10B
198,American International Group Inc.,AIG,0.108749,50.6,0.24,(0.47%),2023-04-03,"2,338,033",12.79,7.36,3.94,6.85,2.54%,36.99B
199,L3Harris Technologies Inc,LHX,0.108671,199.86,3.62,(1.84%),2023-04-03,"373,349",5.46,13.25,35.93,14.81,2.32%,36.82B
200,Yum! Brands Inc.,YUM,0.108117,132.87,0.79,(0.60%),2023-04-03,"662,481",4.57,5.93,28.91,22.29,1.83%,36.95B
201,Ross Stores Inc.,ROST,0.107445,108.19,2.06,(1.94%),2023-04-03,"1,662,740",4.38,5.58,24.21,19.01,1.26%,36.66B
202,IQVIA Holdings Inc,IQV,0.10738,199.54,0.65,(0.32%),2023-04-03,"845,424",5.72,12.04,34.78,16.52,-,36.95B
203,Xcel Energy Inc.,XEL,0.107254,67.91,0.47,(0.70%),2023-04-03,"1,485,807",3.17,3.61,21.27,18.70,3.08%,35.81B
204,Capital One Financial Corp,COF,0.106915,96.51,0.35,(0.36%),2023-04-03,"999,802",17.82,15.11,5.40,6.36,2.50%,36.43B
205,Hess Corporation,HES,0.106901,143.04,10.7,(8.09%),2023-04-03,"1,686,862",6.77,10.05,19.55,13.16,1.32%,39.88B
206,Paychex Inc.,PAYX,0.106825,111.2,-3.39,(-2.96%),2023-04-03,"2,098,719",4.04,4.53,28.35,25.31,2.76%,40.94B
207,Simon Property Group Inc.,SPG,0.106571,111.79,-0.19,(-0.17%),2023-04-03,"1,184,660",6.52,6.12,17.18,18.30,6.43%,36.22B
208,Constellation Brands Inc. Class A,STZ,0.10653,226.22,0.33,(0.14%),2023-04-03,"484,440",0.34,11.71,668.31,19.30,1.42%,41.11B
209,Illumina Inc.,ILMN,0.106303,227.38,-5.17,(-2.22%),2023-04-03,"1,439,955",-28.06,3.12,-,74.42,-,36.23B
210,Aflac Incorporated,AFL,0.106094,64.85,0.33,(0.51%),2023-04-03,"913,832",6.56,6.04,9.83,10.68,2.60%,39.25B
211,Williams Companies Inc.,WMB,0.105368,29.87,0.01,(0.02%),2023-04-03,"5,383,597",1.67,1.75,17.85,17.01,5.99%,35.83B
212,ON Semiconductor Corporation,ON,0.103276,80.82,-1.5,(-1.82%),2023-04-03,"2,654,412",4.25,5.15,19.37,16.00,-,37.00B
213,Otis Worldwide Corporation,OTIS,0.102616,84.22,-0.19,(-0.22%),2023-04-03,"748,991",2.96,3.84,28.49,21.97,1.37%,34.92B
214,Centene Corporation,CNC,0.101345,65.0,1.79,(2.83%),2023-04-03,"3,154,145",2.03,7.16,31.09,8.83,-,34.05B
215,Kinder Morgan Inc Class P,KMI,0.10054,17.64,0.13,(0.71%),2023-04-03,"9,043,600",1.12,1.18,15.61,14.89,6.34%,38.42B
216,Mettler-Toledo International Inc.,MTD,0.099089,1525.12,-5.09,(-0.33%),2023-04-03,"48,705",38.46,49.02,39.78,31.22,-,33.57B
217,Consolidated Edison Inc.,ED,0.098675,95.32,-0.35,(-0.36%),2023-04-03,"953,151",4.67,5.20,20.49,18.40,3.39%,32.77B
218,Welltower Inc.,WELL,0.098458,71.57,-0.12,(-0.17%),2023-04-03,"1,251,220",0.28,1.17,259.75,61.17,3.40%,34.28B
219,Cummins Inc.,CMI,0.098261,238.23,-0.65,(-0.27%),2023-04-03,"324,467",15.12,19.22,15.80,12.43,2.63%,34.12B
220,Rockwell Automation Inc.,ROK,0.097659,290.84,-2.61,(-0.89%),2023-04-03,"477,378",9.23,12.31,31.79,23.83,1.61%,33.78B
221,AMETEK Inc.,AME,0.09716,144.27,-1.06,(-0.73%),2023-04-03,"540,465",5.01,6.43,29.01,22.60,0.69%,33.23B
222,Warner Bros. Discovery Inc. Series A,WBD,0.097139,14.82,-0.28,(-1.87%),2023-04-03,"8,272,707",-2.62,0.94,-,15.98,-,38.08B
223,Bank of New York Mellon Corp,BK,0.096776,45.24,-0.2,(-0.44%),2023-04-03,"2,668,100",2.90,5.41,15.67,8.40,3.26%,36.75B
224,Devon Energy Corporation,DVN,0.095977,53.54,2.93,(5.79%),2023-04-03,"13,697,277",9.12,7.18,5.55,7.05,10.00%,33.21B
225,DuPont de Nemours Inc.,DD,0.095716,71.85,0.08,(0.11%),2023-04-03,"1,783,114",2.01,4.38,35.67,16.40,2.01%,32.78B
226,VICI Properties Inc,VICI,0.095311,32.46,-0.16,(-0.50%),2023-04-03,"3,251,190",1.25,2.45,26.03,13.32,4.78%,31.70B
227,Ameriprise Financial Inc.,AMP,0.094783,306.56,0.06,(0.02%),2023-04-03,"178,461",22.45,33.46,13.65,9.16,1.63%,32.86B
228,Fidelity National Information Services Inc.,FIS,0.0937,54.15,-0.18,(-0.33%),2023-04-03,"3,064,355",-28.27,6.46,-,8.41,3.83%,32.33B
229,Copart Inc.,CPRT,0.093673,75.2,-0.01,(-0.01%),2023-04-03,"1,119,733",2.25,2.63,33.50,28.62,-,35.74B
230,Kroger Co.,KR,0.093489,49.86,0.49,(0.98%),2023-04-03,"3,957,541",3.06,4.50,16.12,10.96,2.11%,34.97B
231,ResMed Inc.,RMD,0.093238,219.28,0.29,(0.13%),2023-04-03,"225,210",5.50,7.29,39.81,30.04,0.80%,31.87B
232,Electronic Arts Inc.,EA,0.092157,121.15,0.7,(0.58%),2023-04-03,"964,581",3.71,6.54,32.51,18.41,0.63%,32.20B
233,Cognizant Technology Solutions Corporation Class A,CTSH,0.091283,61.15,0.22,(0.36%),2023-04-03,"1,687,830",4.42,4.88,13.80,12.47,1.90%,30.77B
234,PPG Industries Inc.,PPG,0.090925,139.34,5.76,(4.31%),2023-04-03,"2,212,785",4.34,7.76,30.81,17.22,1.86%,30.96B
235,Public Service Enterprise Group Inc,PEG,0.090577,61.8,-0.65,(-1.03%),2023-04-03,"1,175,736",2.06,3.71,30.33,16.84,3.65%,30.07B
236,W.W. Grainger Inc.,GWW,0.090326,681.07,-7.74,(-1.12%),2023-04-03,"126,123",30.28,36.37,22.75,18.94,1.00%,34.72B
237,Old Dominion Freight Line Inc.,ODFL,0.089739,330.85,-9.99,(-2.93%),2023-04-03,"406,756",12.18,13.31,27.97,25.61,0.47%,37.50B
238,Fastenal Company,FAST,0.089636,53.68,-0.27,(-0.49%),2023-04-03,"1,310,531",1.89,2.12,28.57,25.42,2.60%,30.47B
239,Kraft Heinz Company,KHC,0.089198,38.96,0.29,(0.74%),2023-04-03,"2,651,469",1.91,2.87,20.20,13.49,4.14%,46.43B
240,D.R. Horton Inc.,DHI,0.088859,97.74,0.05,(0.05%),2023-04-03,"2,515,867",16.13,9.41,6.06,10.38,1.02%,33.32B
241,Prudential Financial Inc.,PRU,0.088489,82.78,0.04,(0.05%),2023-04-03,"1,340,076",-3.94,12.93,-,6.40,6.04%,30.15B
242,Aptiv PLC,APTV,0.088355,110.08,-2.11,(-1.88%),2023-04-03,"683,731",1.96,6.27,57.33,17.88,-,30.56B
243,Dollar Tree Inc.,DLTR,0.087766,148.34,4.79,(3.34%),2023-04-03,"1,255,000",7.20,7.93,19.93,18.10,-,31.31B
244,Verisk Analytics Inc,VRSK,0.087228,191.93,0.07,(0.04%),2023-04-03,"486,441",6.52,6.38,29.44,30.09,0.71%,28.91B
245,WEC Energy Group Inc,WEC,0.086898,94.69,-0.1,(-0.11%),2023-04-03,"667,101",4.45,4.90,21.28,19.35,3.29%,28.84B
246,Keurig Dr Pepper Inc.,KDP,0.086797,35.48,0.2,(0.57%),2023-04-03,"4,859,259",1.01,1.92,35.00,18.37,2.27%,48.54B
247,GE Healthcare Technologies Inc.,GEHC,0.086557,81.95,-0.08,(-0.10%),2023-04-03,"1,252,960",4.18,-,19.62,-,-,36.87B
248,Allstate Corporation,ALL,0.08541,114.53,3.72,(3.36%),2023-04-03,"1,362,567",-5.33,13.27,-,8.35,3.21%,29.18B
249,ANSYS Inc.,ANSS,0.084392,327.95,-4.86,(-1.46%),2023-04-03,"262,908",5.99,9.58,55.59,34.75,-,28.89B
250,Keysight Technologies Inc,KEYS,0.084177,160.84,-0.64,(-0.40%),2023-04-03,"369,015",6.37,8.53,25.37,18.94,-,28.72B
251,Baker Hughes Company Class A,BKR,0.083988,29.97,1.11,(3.83%),2023-04-03,"5,589,840",-0.60,2.06,-,14.02,2.63%,28.87B
252,Halliburton Company,HAL,0.083507,34.35,2.71,(8.55%),2023-04-03,"17,528,185",1.73,3.64,18.30,8.70,2.02%,28.43B
253,Enphase Energy Inc.,ENPH,0.083203,204.17,-6.12,(-2.91%),2023-04-03,"2,861,998",2.74,7.34,76.80,28.65,-,29.85B
254,ONEOK Inc.,OKE,0.082541,65.05,1.51,(2.38%),2023-04-03,"1,707,947",3.84,4.90,16.56,12.97,6.01%,28.01B
255,American Water Works Company Inc.,AWK,0.082291,145.85,-0.65,(-0.44%),2023-04-03,"289,053",4.50,5.14,32.52,28.50,1.79%,27.48B
256,SBA Communications Corp. Class A,SBAC,0.082056,255.49,-5.58,(-2.14%),2023-04-03,"380,804",4.22,5.86,61.91,44.57,1.30%,27.16B
257,Digital Realty Trust Inc.,DLR,0.081821,93.82,-4.49,(-4.57%),2023-04-03,"2,586,672",1.15,1.27,85.34,77.47,4.96%,28.38B
258,CoStar Group Inc.,CSGP,0.081383,68.54,-0.31,(-0.44%),2023-04-03,"664,785",0.93,1.39,74.27,49.57,-,27.47B
259,Ulta Beauty Inc.,ULTA,0.081205,549.23,3.56,(0.65%),2023-04-03,"324,181",24.02,27.22,22.71,20.05,-,27.86B
260,Global Payments Inc.,GPN,0.080598,105.49,0.25,(0.23%),2023-04-03,"643,258",0.43,11.79,241.93,8.92,0.95%,27.76B
261,Republic Services Inc.,RSG,0.080442,136.32,1.1,(0.82%),2023-04-03,"399,436",4.69,5.78,28.82,23.39,1.46%,41.77B
262,United Rentals Inc.,URI,0.079704,389.37,-6.39,(-1.61%),2023-04-03,"482,403",29.75,44.14,13.30,8.97,1.50%,28.29B
263,Eversource Energy,ES,0.079351,77.49,-0.77,(-0.98%),2023-04-03,"673,251",4.05,4.68,19.34,16.73,3.45%,26.38B
264,Zimmer Biomet Holdings Inc.,ZBH,0.078797,127.98,-1.22,(-0.95%),2023-04-03,"396,602",1.38,7.57,93.69,17.07,0.74%,26.91B
265,Edison International,EIX,0.078349,70.78,0.19,(0.27%),2023-04-03,"1,131,464",1.59,5.13,44.31,13.76,4.18%,26.09B
266,Corning Inc,GLW,0.078181,34.81,-0.48,(-1.35%),2023-04-03,"2,174,566",1.54,2.50,22.95,14.12,3.17%,29.72B
267,Lennar Corporation Class A,LEN,0.077614,104.66,-0.46,(-0.43%),2023-04-03,"786,211",12.98,10.69,8.10,9.83,1.43%,29.60B
268,State Street Corporation,STT,0.076904,75.56,-0.14,(-0.18%),2023-04-03,"851,729",7.19,9.53,10.53,7.94,3.33%,26.45B
269,Discover Financial Services,DFS,0.076824,98.76,-0.09,(-0.09%),2023-04-03,"912,916",15.45,14.01,6.40,7.06,2.43%,25.83B
270,CDW Corporation,CDW,0.076812,194.08,-0.82,(-0.42%),2023-04-03,"448,351",8.14,11.39,23.95,17.11,1.21%,26.34B
271,PG&E Corporation,PCG,0.075665,16.28,0.11,(0.69%),2023-04-03,"11,183,662",0.84,1.34,19.18,12.04,-,38.99B
272,Tractor Supply Company,TSCO,0.075553,240.94,5.9,(2.51%),2023-04-03,"647,443",9.71,11.58,24.20,20.30,1.75%,25.80B
273,AmerisourceBergen Corporation,ABC,0.075375,162.95,2.84,(1.77%),2023-04-03,"394,707",8.24,12.60,19.44,12.71,1.21%,31.25B
274,Albemarle Corporation,ALB,0.075249,218.28,-2.76,(-1.25%),2023-04-03,"950,768",22.82,29.24,9.68,7.56,0.72%,25.67B
275,West Pharmaceutical Services Inc.,WST,0.074668,345.41,-1.06,(-0.31%),2023-04-03,"191,385",7.66,8.45,45.25,41.02,0.22%,25.55B
276,Gartner Inc.,IT,0.074637,324.12,-1.65,(-0.51%),2023-04-03,"244,820",9.98,10.94,32.64,29.78,-,25.46B
277,Constellation Energy Corporation,CEG,0.074594,77.22,-1.28,(-1.64%),2023-04-03,"1,027,359",-0.46,5.20,-,15.11,1.44%,25.70B
278,HP Inc.,HPQ,0.073846,29.83,0.48,(1.62%),2023-04-03,"3,046,683",2.51,3.59,11.69,8.18,3.58%,28.91B
279,T. Rowe Price Group,TROW,0.073734,111.91,-0.99,(-0.88%),2023-04-03,"812,854",6.69,7.19,16.88,15.70,4.32%,25.16B
280,Willis Towers Watson Public Limited Company,WTW,0.073089,233.9,1.52,(0.66%),2023-04-03,"204,124",9.48,17.21,24.52,13.50,1.45%,24.76B
281,Arch Capital Group Ltd.,ACGL,0.072963,68.72,0.85,(1.25%),2023-04-03,"732,963",3.81,6.72,17.82,10.10,-,25.02B
282,Diamondback Energy Inc.,FANG,0.072314,144.28,9.11,(6.74%),2023-04-03,"2,878,342",24.74,23.06,5.46,5.86,7.07%,25.06B
283,Equifax Inc.,EFX,0.072178,201.7,-1.14,(-0.56%),2023-04-03,"529,063",5.64,9.11,35.94,22.27,0.77%,24.62B
284,Walgreens Boots Alliance Inc.,WBA,0.072143,35.52,0.94,(2.70%),2023-04-03,"5,933,447",-3.43,4.83,-,7.15,5.55%,29.49B
285,Align Technology Inc.,ALGN,0.070435,325.66,-8.48,(-2.54%),2023-04-03,"431,229",4.60,9.76,72.65,34.24,-,26.00B
286,Fortive Corp.,FTV,0.070077,67.79,-0.39,(-0.56%),2023-04-03,"672,226",2.10,3.66,32.52,18.61,0.41%,23.81B
287,eBay Inc.,EBAY,0.069976,44.06,-0.32,(-0.71%),2023-04-03,"1,785,613",-2.14,4.53,-,9.79,2.25%,23.70B
288,Quanta Services Inc.,PWR,0.069325,166.1,-0.54,(-0.32%),2023-04-03,"424,057",3.32,8.06,50.16,20.67,0.19%,23.73B
289,LyondellBasell Industries NV,LYB,0.069195,95.05,1.16,(1.24%),2023-04-03,"1,729,677",11.89,10.61,7.90,8.85,5.07%,30.31B
290,Genuine Parts Company,GPC,0.068753,168.65,1.34,(0.80%),2023-04-03,"349,928",8.31,9.60,20.13,17.42,2.27%,23.17B
291,Ingersoll Rand Inc.,IR,0.068583,57.96,-0.22,(-0.39%),2023-04-03,"1,206,128",1.44,2.82,40.46,20.65,0.14%,23.53B
292,AvalonBay Communities Inc.,AVB,0.068343,167.13,-0.93,(-0.55%),2023-04-03,"462,326",8.11,5.61,20.73,29.97,3.93%,22.97B
293,International Flavors & Fragrances Inc.,IFF,0.068139,90.85,-1.11,(-1.21%),2023-04-03,"650,645",-7.33,5.67,-,16.22,3.52%,23.24B
294,CBRE Group Inc. Class A,CBRE,0.066855,72.51,-0.3,(-0.41%),2023-04-03,"1,157,369",4.27,5.83,17.05,12.50,-,22.58B
295,Vulcan Materials Company,VMC,0.066275,172.48,0.92,(0.53%),2023-04-03,"442,655",4.45,7.30,38.56,23.49,1.00%,22.58B
296,Monolithic Power Systems Inc.,MPWR,0.065204,488.19,-12.4,(-2.47%),2023-04-03,"199,349",9.05,15.66,55.31,31.96,0.80%,24.90B
297,Delta Air Lines Inc.,DAL,0.065186,34.28,-0.64,(-1.82%),2023-04-03,"6,345,026",2.05,6.87,17.04,5.09,-,22.78B
298,Ameren Corporation,AEE,0.064909,86.47,0.08,(0.09%),2023-04-03,"743,407",4.14,4.68,20.87,18.46,2.92%,21.71B
299,Weyerhaeuser Company,WY,0.064807,29.78,-0.36,(-1.18%),2023-04-03,"1,645,816",2.52,1.18,11.96,25.45,2.52%,21.88B
300,Insulet Corporation,PODD,0.064623,319.26,0.3,(0.09%),2023-04-03,"348,352",0.06,2.06,5695.71,154.99,-,22.28B
301,Hartford Financial Services Group Inc.,HIG,0.064425,70.35,0.66,(0.94%),2023-04-03,"766,475",5.45,9.63,12.78,7.23,2.44%,21.71B
302,Martin Marietta Materials Inc.,MLM,0.064176,355.76,0.7,(0.20%),2023-04-03,"219,933",13.70,17.19,25.92,20.66,0.74%,21.83B
303,Entergy Corporation,ETR,0.063823,107.46,-0.28,(-0.26%),2023-04-03,"366,049",5.38,7.19,20.01,14.98,3.97%,22.04B
304,Extra Space Storage Inc.,EXR,0.063521,154.23,-8.7,(-5.34%),2023-04-03,"9,986,638",6.41,6.34,25.43,25.68,3.98%,21.43B
305,FirstEnergy Corp.,FE,0.062978,39.95,-0.11,(-0.26%),2023-04-03,"1,190,841",0.71,2.68,56.50,14.96,3.89%,22.09B
306,Church & Dwight Co. Inc.,CHD,0.062765,88.65,0.24,(0.27%),2023-04-03,"520,172",1.68,3.28,52.66,26.94,1.23%,21.16B
307,First Solar Inc.,FSLR,0.062673,209.18,-8.32,(-3.82%),2023-04-03,"1,676,414",-0.42,12.87,-,16.90,-,23.09B
308,Dover Corporation,DOV,0.061965,149.96,-1.98,(-1.31%),2023-04-03,"428,985",7.27,9.78,20.91,15.53,1.33%,21.10B
309,DTE Energy Company,DTE,0.061783,109.22,-0.32,(-0.29%),2023-04-03,"490,433",5.51,6.69,19.87,16.37,3.48%,21.67B
310,Teledyne Technologies Incorporated,TDY,0.061035,446.38,-0.99,(-0.22%),2023-04-03,"70,585",16.53,20.82,27.06,21.49,-,20.70B
311,McCormick & Company Incorporated,MKC,0.060609,84.31,1.1,(1.33%),2023-04-03,"1,064,492",2.52,2.83,32.97,29.39,1.87%,21.81B
312,Hewlett Packard Enterprise Co.,HPE,0.059712,16.33,0.4,(2.48%),2023-04-03,"8,255,732",0.64,2.15,24.77,7.42,3.01%,20.70B
313,Baxter International Inc.,BAX,0.059589,40.05,-0.51,(-1.26%),2023-04-03,"2,604,189",-4.83,3.29,-,12.33,2.86%,19.89B
314,Equity Residential,EQR,0.059489,59.6,-0.4,(-0.67%),2023-04-03,"840,325",2.07,1.74,29.01,34.44,4.42%,22.50B
315,PPL Corporation,PPL,0.059184,27.61,-0.18,(-0.65%),2023-04-03,"2,971,329",0.97,1.71,28.68,16.29,3.45%,19.81B
316,Laboratory Corporation of America Holdings,LH,0.05908,230.7,1.28,(0.56%),2023-04-03,"239,349",13.84,19.00,16.58,12.07,1.26%,19.95B
317,M&T Bank Corporation,MTB,0.058926,119.02,-0.55,(-0.46%),2023-04-03,"801,662",10.98,18.29,10.89,6.54,4.35%,19.65B
318,Hologic Inc.,HOLX,0.058567,80.48,-0.22,(-0.27%),2023-04-03,"421,535",3.92,4.05,20.58,19.91,-,19.73B
319,Alexandria Real Estate Equities Inc.,ARE,0.057585,123.93,-1.66,(-1.32%),2023-04-03,"498,558",3.17,3.61,39.59,34.80,3.85%,21.05B
320,Cardinal Health Inc.,CAH,0.057524,76.92,1.42,(1.88%),2023-04-03,"788,830",-4.65,6.34,-,11.91,2.63%,19.08B
321,VeriSign Inc.,VRSN,0.057128,212.85,1.52,(0.72%),2023-04-03,"290,665",6.24,8.16,33.85,25.89,-,22.02B
322,Clorox Company,CLX,0.0569,156.01,-2.23,(-1.41%),2023-04-03,"924,765",3.51,5.38,45.07,29.42,2.98%,19.19B
323,Coterra Energy Inc.,CTRA,0.0565,24.98,0.44,(1.79%),2023-04-03,"8,106,017",5.08,3.11,4.83,7.90,10.19%,18.39B
324,Southwest Airlines Co.,LUV,0.056156,31.74,-0.8,(-2.47%),2023-04-03,"3,527,873",0.79,3.81,41.19,8.55,2.21%,19.33B
325,Omnicom Group Inc,OMC,0.055923,94.91,0.57,(0.60%),2023-04-03,"1,051,013",6.37,7.73,14.80,12.20,2.97%,19.34B
326,STERIS Plc,STE,0.055156,189.64,-1.64,(-0.86%),2023-04-03,"217,948",-0.29,8.78,-,21.78,0.98%,18.60B
327,Darden Restaurants Inc.,DRI,0.05509,153.86,-1.3,(-0.84%),2023-04-03,"828,788",7.67,8.78,20.23,17.67,3.12%,18.63B
328,Take-Two Interactive Software Inc.,TTWO,0.055067,118.81,-0.49,(-0.41%),2023-04-03,"648,520",-2.26,5.23,-,22.82,-,20.01B
329,Xylem Inc.,XYL,0.054942,104.32,-0.38,(-0.36%),2023-04-03,"1,000,176",1.96,3.63,53.39,28.86,1.26%,18.61B
330,Skyworks Solutions Inc.,SWKS,0.05477,116.78,-1.2,(-1.02%),2023-04-03,"554,582",7.33,10.80,16.11,10.92,2.10%,18.99B
331,Las Vegas Sands Corp.,LVS,0.054659,58.52,1.07,(1.87%),2023-04-03,"4,275,185",-1.40,2.75,-,20.88,-,44.21B
332,Steel Dynamics Inc.,STLD,0.054543,112.35,-0.71,(-0.63%),2023-04-03,"797,016",20.80,8.02,5.44,14.10,1.50%,19.24B
333,CenterPoint Energy Inc.,CNP,0.05399,29.45,-0.01,(-0.04%),2023-04-03,"1,479,531",1.60,1.62,18.45,18.23,2.58%,17.89B
334,Waters Corporation,WAT,0.053688,305.85,-3.78,(-1.22%),2023-04-03,"126,367",11.74,14.13,26.37,21.91,-,18.14B
335,Nasdaq Inc.,NDAQ,0.053672,54.33,-0.34,(-0.63%),2023-04-03,"1,618,694",2.26,2.92,24.17,18.72,1.46%,26.44B
336,Cooper Companies Inc.,COO,0.053644,368.0,-5.36,(-1.44%),2023-04-03,"191,507",7.55,14.40,49.43,25.93,0.02%,17.94B
337,Northern Trust Corporation,NTRS,0.053473,87.7,-0.43,(-0.49%),2023-04-03,"451,638",6.14,7.51,14.35,11.73,3.40%,18.26B
338,Westinghouse Air Brake Technologies Corporation,WAB,0.053238,100.65,-0.41,(-0.40%),2023-04-03,"347,198",3.46,5.98,29.17,16.89,0.67%,18.22B
339,Fifth Third Bancorp,FITB,0.053149,26.45,-0.19,(-0.72%),2023-04-03,"4,846,855",3.35,3.99,7.95,6.68,4.95%,17.98B
340,Invitation Homes Inc.,INVH,0.052427,31.14,-0.1,(-0.30%),2023-04-03,"1,125,144",0.63,0.74,49.89,41.92,3.33%,18.60B
341,Raymond James Financial Inc.,RJF,0.05234,92.2,-1.07,(-1.15%),2023-04-03,"838,149",7.18,10.63,12.98,8.78,1.80%,20.59B
342,CMS Energy Corporation,CMS,0.052044,61.31,-0.07,(-0.11%),2023-04-03,"886,131",2.61,3.35,23.48,18.34,3.18%,17.15B
343,Conagra Brands Inc.,CAG,0.051749,37.48,-0.08,(-0.22%),2023-04-03,"3,290,546",1.42,2.81,26.54,13.35,3.51%,17.59B
344,Cincinnati Financial Corporation,CINF,0.051665,112.82,0.74,(0.66%),2023-04-03,"205,414",-2.97,5.99,-,18.72,2.68%,17.52B
345,Fair Isaac Corporation,FICO,0.051455,690.42,-12.3,(-1.75%),2023-04-03,"117,233",14.95,22.81,47.00,30.81,-,17.42B
346,Expeditors International of Washington Inc.,EXPD,0.050933,107.93,-2.19,(-1.99%),2023-04-03,"720,343",8.23,5.15,13.37,21.39,1.22%,17.02B
347,Mid-America Apartment Communities Inc.,MAA,0.050775,149.55,-1.49,(-0.99%),2023-04-03,"384,856",5.48,4.87,27.55,31.00,3.71%,17.20B
348,Regions Financial Corporation,RF,0.050608,18.55,-0.02,(-0.08%),2023-04-03,"8,694,893",2.28,2.53,8.15,7.32,4.31%,17.01B
349,Ventas Inc.,VTR,0.050478,42.77,-0.59,(-1.35%),2023-04-03,"2,467,759",-0.12,0.09,-,476.37,4.15%,17.06B
350,IDEX Corporation,IEX,0.050364,229.34,-1.69,(-0.73%),2023-04-03,"137,745",7.72,9.17,29.91,25.19,1.04%,17.33B
351,Tyson Foods Inc. Class A,TSN,0.050183,59.47,0.15,(0.25%),2023-04-03,"1,360,835",6.73,5.47,8.81,10.84,3.24%,20.73B
352,Ball Corporation,BALL,0.05016,54.87,-0.24,(-0.43%),2023-04-03,"580,381",2.23,3.56,24.71,15.49,1.45%,17.18B
353,Broadridge Financial Solutions Inc.,BR,0.050123,144.89,-1.68,(-1.15%),2023-04-03,"263,664",4.49,7.53,32.64,19.46,1.98%,16.91B
354,Kellogg Company,K,0.049817,67.17,0.21,(0.31%),2023-04-03,"818,643",2.81,4.25,23.86,15.76,3.52%,22.64B
355,EPAM Systems Inc.,EPAM,0.049682,297.09,-1.91,(-0.64%),2023-04-03,"224,529",7.08,14.02,42.24,21.33,-,17.61B
356,Amcor PLC,AMCR,0.049581,11.27,-0.12,(-1.01%),2023-04-03,"4,617,117",0.71,0.82,15.98,13.95,4.31%,16.77B
357,SolarEdge Technologies Inc.,SEDG,0.049461,301.12,-2.83,(-0.93%),2023-04-03,"693,109",1.66,11.57,183.21,26.26,-,17.49B
358,Principal Financial Group Inc.,PFG,0.049146,73.84,-0.49,(-0.65%),2023-04-03,"1,253,271",18.82,7.54,3.95,9.86,3.44%,17.98B
359,PerkinElmer Inc.,PKI,0.049003,131.07,-2.19,(-1.65%),2023-04-03,"819,359",4.05,6.17,32.89,21.61,0.21%,16.52B
360,J.M. Smucker Company,SJM,0.048914,157.57,0.2,(0.12%),2023-04-03,"292,167",6.66,9.47,23.65,16.62,2.59%,16.39B
361,Teradyne Inc.,TER,0.048831,106.0,-1.51,(-1.40%),2023-04-03,"485,635",4.22,5.20,25.48,20.68,0.41%,16.98B
362,NVR Inc.,NVR,0.048749,5539.43,-32.8,(-0.59%),2023-04-03,"8,693",492.33,363.32,11.32,15.34,-,17.89B
363,Targa Resources Corp.,TRGP,0.047718,75.65,2.7,(3.71%),2023-04-03,"1,643,019",3.89,6.65,18.77,10.97,1.92%,16.37B
364,Zebra Technologies Corporation Class A,ZBRA,0.047676,309.61,-8.39,(-2.64%),2023-04-03,"110,439",8.79,19.39,36.16,16.40,-,16.35B
365,Quest Diagnostics Incorporated,DGX,0.046833,142.61,1.13,(0.80%),2023-04-03,"519,350",7.91,9.21,17.88,15.37,2.01%,15.22B
366,Atmos Energy Corporation,ATO,0.046829,111.5,-0.86,(-0.76%),2023-04-03,"337,142",5.65,6.41,19.89,17.52,2.63%,15.67B
367,AES Corporation,AES,0.046823,23.89,-0.19,(-0.77%),2023-04-03,"1,822,463",-1.19,1.93,-,12.48,2.76%,15.93B
368,Huntington Bancshares Incorporated,HBAN,0.046542,11.2,-0.01,(-0.04%),2023-04-03,"11,363,293",1.45,1.54,7.72,7.25,5.54%,16.09B
369,FactSet Research Systems Inc.,FDS,0.046224,416.96,1.87,(0.45%),2023-04-03,"105,735",11.49,16.42,36.11,25.28,0.86%,15.63B
370,Best Buy Co. Inc.,BBY,0.045756,77.96,-0.31,(-0.39%),2023-04-03,"1,214,045",6.30,7.05,12.42,11.11,4.70%,17.13B
371,Mosaic Company,MOS,0.045394,46.44,0.56,(1.21%),2023-04-03,"1,707,199",9.99,5.88,4.59,7.80,1.74%,15.65B
372,Howmet Aerospace Inc.,HWM,0.045323,42.9,0.53,(1.24%),2023-04-03,"1,645,140",1.11,2.02,38.24,21.02,0.38%,17.44B
373,FLEETCOR Technologies Inc.,FLT,0.045197,211.13,0.28,(0.13%),2023-04-03,"230,253",12.42,19.71,16.97,10.70,-,15.41B
374,Garmin Ltd.,GRMN,0.045099,100.58,-0.34,(-0.33%),2023-04-03,"375,270",5.04,5.75,20.00,17.56,2.89%,19.14B
375,Molina Healthcare Inc.,MOH,0.045041,272.26,4.77,(1.78%),2023-04-03,"355,384",13.54,22.99,19.75,11.64,-,15.35B
376,Iron Mountain Inc.,IRM,0.044778,52.83,-0.08,(-0.15%),2023-04-03,"623,072",1.91,1.87,27.77,28.25,4.68%,15.11B
377,FMC Corporation,FMC,0.044557,122.4,0.27,(0.22%),2023-04-03,"352,867",6.57,8.86,18.58,13.78,1.90%,15.19B
378,Marathon Oil Corporation,MRO,0.044221,26.44,2.48,(10.33%),2023-04-03,"15,932,421",5.19,4.42,4.62,5.42,1.67%,14.98B
379,Jacobs Solutions Inc.,J,0.043907,117.68,0.17,(0.14%),2023-04-03,"154,162",5.02,8.20,23.39,14.33,0.89%,14.80B
380,Lamb Weston Holdings Inc.,LW,0.043469,104.0,-0.52,(-0.50%),2023-04-03,"836,859",3.27,4.43,31.96,23.61,1.07%,14.83B
381,Textron Inc.,TXT,0.043279,70.84,0.21,(0.29%),2023-04-03,"530,416",4.01,5.69,17.60,12.41,0.11%,14.41B
382,Citizens Financial Group Inc.,CFG,0.043265,30.34,-0.03,(-0.11%),2023-04-03,"4,333,188",4.09,5.12,7.42,5.93,5.53%,14.14B
383,Paycom Software Inc.,PAYC,0.042946,296.03,-7.98,(-2.63%),2023-04-03,"227,691",4.84,9.23,62.80,32.95,-,18.39B
384,Tyler Technologies Inc.,TYL,0.04291,352.77,-1.87,(-0.53%),2023-04-03,"149,026",3.88,8.64,91.50,41.06,-,14.52B
385,MarketAxess Holdings Inc.,MKTX,0.042653,389.53,-1.76,(-0.45%),2023-04-03,"95,958",6.65,8.88,58.87,44.08,0.74%,14.61B
386,Avery Dennison Corporation,AVY,0.042561,177.86,-1.07,(-0.60%),2023-04-03,"191,614",9.21,10.58,19.43,16.92,1.68%,14.50B
387,J.B. Hunt Transport Services Inc.,JBHT,0.042332,172.8,-2.66,(-1.52%),2023-04-03,"264,196",9.21,10.16,19.06,17.27,0.96%,18.19B
388,Interpublic Group of Companies Inc.,IPG,0.042059,37.62,0.38,(1.03%),2023-04-03,"1,871,338",2.38,3.04,15.67,12.24,3.33%,14.34B
389,United Airlines Holdings Inc.,UAL,0.042036,43.22,-1.03,(-2.33%),2023-04-03,"5,710,295",2.08,10.12,21.23,4.37,-,14.58B
390,Expedia Group Inc.,EXPE,0.041973,94.57,-2.46,(-2.54%),2023-04-03,"1,028,340",2.13,11.52,45.51,8.43,-,15.23B
391,LKQ Corporation,LKQ,0.041868,56.64,-0.13,(-0.22%),2023-04-03,"315,111",4.09,4.38,13.88,12.97,1.94%,15.11B
392,Bunge Limited,BG,0.041753,96.64,1.12,(1.17%),2023-04-03,"593,871",10.52,11.04,9.08,8.65,2.62%,14.26B
393,Royal Caribbean Group,RCL,0.041412,64.1,-1.2,(-1.83%),2023-04-03,"1,440,193",-8.46,6.01,-,10.87,-,16.92B
394,CF Industries Holdings Inc.,CF,0.041333,73.52,1.03,(1.42%),2023-04-03,"2,172,934",16.32,8.28,4.44,8.75,2.21%,14.33B
395,MGM Resorts International,MGM,0.04114,44.19,-0.23,(-0.52%),2023-04-03,"2,499,318",3.38,1.18,13.13,37.55,0.02%,16.66B
396,Cboe Global Markets Inc,CBOE,0.041068,133.92,-0.32,(-0.24%),2023-04-03,"173,941",2.18,7.48,61.49,17.94,1.49%,13.96B
397,Everest Re Group Ltd.,RE,0.040948,361.85,3.83,(1.07%),2023-04-03,"67,571",14.79,54.69,24.20,6.55,1.84%,13.89B
398,Evergy Inc.,EVRG,0.04084,60.63,-0.49,(-0.80%),2023-04-03,"512,385",3.27,3.96,18.71,15.45,4.01%,13.49B
399,Etsy Inc.,ETSY,0.040563,107.59,-3.74,(-3.36%),2023-04-03,"1,507,887",-5.62,3.38,-,32.94,-,14.30B
400,NetApp Inc.,NTAP,0.040334,64.31,0.46,(0.73%),2023-04-03,"852,771",5.79,5.64,11.02,11.32,3.13%,13.76B
401,PTC Inc.,PTC,0.039731,127.22,-1.01,(-0.79%),2023-04-03,"290,648",2.89,5.25,44.35,24.41,-,14.95B
402,Brown & Brown Inc.,BRO,0.039291,57.68,0.26,(0.44%),2023-04-03,"455,953",2.37,2.71,24.27,21.15,0.80%,16.24B
403,PulteGroup Inc.,PHM,0.039043,58.55,0.27,(0.46%),2023-04-03,"1,106,217",11.20,7.08,5.20,8.24,1.10%,13.01B
404,Alliant Energy Corp,LNT,0.039022,52.93,-0.47,(-0.88%),2023-04-03,"805,889",2.73,3.21,19.58,16.63,3.39%,12.95B
405,Incyte Corporation,INCY,0.039007,72.33,0.06,(0.08%),2023-04-03,"643,870",1.52,4.97,47.48,14.53,-,16.58B
406,Essex Property Trust Inc.,ESS,0.038985,208.7,-0.44,(-0.21%),2023-04-03,"201,680",6.28,5.97,33.29,35.01,4.42%,13.18B
407,Pool Corporation,POOL,0.038857,337.67,-4.77,(-1.39%),2023-04-03,"200,304",18.76,17.97,18.26,19.06,1.17%,13.39B
408,Snap-on Incorporated,SNA,0.038216,246.06,-0.83,(-0.34%),2023-04-03,"100,106",16.82,17.73,14.68,13.93,2.62%,13.08B
409,Packaging Corporation of America,PKG,0.037867,140.08,1.25,(0.90%),2023-04-03,"291,936",11.01,9.20,12.61,15.09,3.60%,12.26B
410,Trimble Inc.,TRMB,0.037831,51.76,-0.66,(-1.26%),2023-04-03,"626,795",1.80,2.92,29.19,17.93,-,12.75B
411,International Paper Company,IP,0.037781,35.87,-0.2,(-0.54%),2023-04-03,"1,180,837",4.74,2.89,7.61,12.48,5.13%,12.49B
412,Seagate Technology Holdings PLC,STX,0.037375,65.43,-0.7,(-1.05%),2023-04-03,"1,089,400",2.80,4.93,23.59,13.42,4.23%,13.64B
413,Synchrony Financial,SYF,0.036997,29.47,0.39,(1.32%),2023-04-03,"2,283,559",6.11,5.37,4.76,5.41,3.16%,12.70B
414,W. R. Berkley Corporation,WRB,0.036786,63.01,0.75,(1.20%),2023-04-03,"797,019",4.95,5.72,12.59,10.89,0.64%,16.39B
415,UDR Inc.,UDR,0.036518,40.88,-0.18,(-0.43%),2023-04-03,"1,042,930",0.25,0.64,161.65,64.66,4.09%,13.22B
416,Leidos Holdings Inc.,LDOS,0.036369,93.74,1.68,(1.83%),2023-04-03,"495,836",4.95,7.42,18.61,12.41,1.56%,12.46B
417,Akamai Technologies Inc.,AKAM,0.036006,77.91,-0.39,(-0.50%),2023-04-03,"622,964",3.27,6.02,23.94,13.01,-,12.08B
418,Western Digital Corporation,WDC,0.035017,36.95,-0.72,(-1.91%),2023-04-03,"1,448,608",-0.29,1.35,-,27.99,-,12.03B
419,Healthpeak Properties Inc.,PEAK,0.03497,21.72,-0.25,(-1.15%),2023-04-03,"3,376,347",0.91,0.49,24.22,45.11,5.46%,11.67B
420,Nordson Corporation,NDSN,0.034728,219.97,-2.29,(-1.03%),2023-04-03,"79,861",8.58,9.76,25.91,22.78,1.17%,12.56B
421,Kimco Realty Corporation,KIM,0.034673,19.45,-0.09,(-0.44%),2023-04-03,"2,578,211",0.16,0.71,122.83,27.39,4.71%,11.77B
422,Teleflex Incorporated,TFX,0.034589,250.67,-2.64,(-1.04%),2023-04-03,"109,968",7.67,14.53,33.02,17.44,0.54%,11.53B
423,Stanley Black & Decker Inc.,SWK,0.034451,79.04,-1.54,(-1.91%),2023-04-03,"727,389",0.97,5.16,82.82,15.63,3.97%,12.54B
424,Catalent Inc,CTLT,0.034449,63.15,-2.56,(-3.90%),2023-04-03,"1,090,151",2.26,3.52,29.08,18.67,-,11.53B
425,Host Hotels & Resorts Inc.,HST,0.034324,16.27,-0.23,(-1.36%),2023-04-03,"2,884,699",0.88,0.86,18.67,19.13,2.91%,11.61B
426,Domino's Pizza Inc.,DPZ,0.034275,332.33,2.46,(0.75%),2023-04-03,"458,193",12.56,14.80,26.27,22.29,1.47%,11.83B
427,APA Corporation,APA,0.034111,39.23,3.17,(8.80%),2023-04-03,"7,436,878",10.83,7.64,3.33,4.72,2.77%,11.05B
428,Wynn Resorts Limited,WYNN,0.034031,113.11,1.2,(1.07%),2023-04-03,"2,933,648",-3.71,4.13,-,27.10,-,12.68B
429,KeyCorp,KEY,0.034017,12.37,-0.16,(-1.24%),2023-04-03,"8,649,558",1.92,2.19,6.51,5.73,6.55%,11.09B
430,C.H. Robinson Worldwide Inc.,CHRW,0.033992,96.49,-2.88,(-2.90%),2023-04-03,"583,447",7.29,5.19,13.63,19.16,2.46%,11.50B
431,Bio-Techne Corporation,TECH,0.033967,73.14,-1.05,(-1.41%),2023-04-03,"427,546",1.61,2.37,46.14,31.37,0.43%,11.57B
432,Viatris Inc.,VTRS,0.033961,9.51,-0.11,(-1.12%),2023-04-03,"11,137,271",1.71,2.88,5.64,3.34,4.99%,11.35B
433,BorgWarner Inc.,BWA,0.033927,48.55,-0.56,(-1.15%),2023-04-03,"892,454",3.99,5.72,12.31,8.59,1.38%,11.30B
434,EQT Corporation,EQT,0.033728,31.76,-0.15,(-0.48%),2023-04-03,"4,853,729",3.29,5.32,9.70,6.00,1.88%,11.11B
435,Brown-Forman Corporation Class B,BF.B,0.033671,63.96,-0.31,(-0.48%),2023-04-03,"671,314",1.51,2.03,42.48,31.61,1.28%,30.36B
436,Camden Property Trust,CPT,0.033613,103.95,-0.9,(-0.85%),2023-04-03,"467,829",6.04,1.80,17.37,58.08,3.82%,11.05B
437,Hormel Foods Corporation,HRL,0.033422,40.5,0.62,(1.55%),2023-04-03,"2,586,368",1.78,1.87,22.43,21.30,2.76%,21.40B
438,Loews Corporation,L,0.032775,57.85,-0.17,(-0.29%),2023-04-03,"381,258",4.16,-,13.94,-,0.43%,13.44B
439,NiSource Inc,NI,0.032746,27.85,-0.11,(-0.38%),2023-04-03,"1,375,125",1.70,1.67,16.49,16.75,3.58%,11.20B
440,Paramount Global Class B,PARA,0.03262,21.79,-0.52,(-2.35%),2023-04-03,"6,950,344",1.03,1.71,21.74,13.07,4.30%,15.06B
441,Masco Corporation,MAS,0.032478,49.68,-0.04,(-0.07%),2023-04-03,"852,633",3.62,3.71,13.73,13.40,2.29%,11.28B
442,Ceridian HCM Holding Inc.,CDAY,0.03246,72.49,-0.73,(-0.99%),2023-04-03,"847,401",-0.48,1.62,-,45.25,-,11.28B
443,Campbell Soup Company,CPB,0.032228,55.02,0.04,(0.07%),2023-04-03,"965,892",2.70,3.14,20.36,17.50,2.69%,16.15B
444,Henry Schein Inc.,HSIC,0.032124,81.79,0.25,(0.31%),2023-04-03,"446,201",3.89,5.81,20.95,14.04,-,10.56B
445,Juniper Networks Inc.,JNPR,0.032095,34.36,-0.06,(-0.17%),2023-04-03,"1,918,258",1.43,2.57,24.07,13.41,2.56%,10.96B
446,Jack Henry & Associates Inc.,JKHY,0.031921,151.03,0.31,(0.20%),2023-04-03,"291,090",4.82,5.33,31.26,28.28,1.38%,10.96B
447,Celanese Corporation,CE,0.031438,108.86,-0.03,(-0.03%),2023-04-03,"481,153",17.42,14.50,6.25,7.51,2.57%,11.83B
448,Match Group Inc.,MTCH,0.031244,38.53,0.14,(0.37%),2023-04-03,"1,865,376",1.24,2.58,30.96,14.90,-,10.60B
449,Qorvo Inc.,QRVO,0.030389,100.39,-1.18,(-1.16%),2023-04-03,"457,937",4.26,4.38,23.85,23.17,-,10.30B
450,Fox Corporation Class A,FOXA,0.030246,34.04,-0.02,(-0.04%),2023-04-03,"1,384,664",2.72,3.24,12.53,10.50,1.47%,17.94B
451,Tapestry Inc.,TPR,0.030189,42.66,-0.46,(-1.06%),2023-04-03,"1,224,183",3.36,4.24,12.84,10.17,2.78%,10.28B
452,CarMax Inc.,KMX,0.03005,64.18,-0.1,(-0.16%),2023-04-03,"1,026,282",3.56,2.96,18.07,21.75,-,9.97B
453,Caesars Entertainment Inc,CZR,0.030037,48.68,-0.14,(-0.28%),2023-04-03,"1,608,561",-2.40,2.35,-,20.75,-,10.43B
454,Charles River Laboratories International Inc.,CRL,0.029893,199.22,-2.6,(-1.29%),2023-04-03,"338,700",9.47,12.28,21.30,16.44,-,10.28B
455,Carnival Corporation,CCL,0.029611,10.0,-0.16,(-1.53%),2023-04-03,"27,784,359",-5.19,0.91,-,11.18,-,12.61B
456,Bio-Rad Laboratories Inc. Class A,BIO,0.029533,462.12,-16.9,(-3.53%),2023-04-03,"73,545",-121.14,18.11,-,26.45,-,14.08B
457,Eastman Chemical Company,EMN,0.029407,84.11,-0.24,(-0.28%),2023-04-03,"379,746",6.29,8.85,13.40,9.53,3.75%,9.91B
458,Globe Life Inc.,GL,0.028835,110.17,0.15,(0.14%),2023-04-03,"198,346",7.48,11.23,14.72,9.80,0.82%,10.59B
459,Live Nation Entertainment Inc.,LYV,0.028794,68.9,-1.1,(-1.58%),2023-04-03,"620,413",0.54,1.28,130.84,54.73,-,16.06B
460,Gen Digital Inc.,GEN,0.028631,17.23,0.07,(0.38%),2023-04-03,"2,040,817",0.90,2.04,18.98,8.40,2.91%,10.93B
461,Molson Coors Beverage Company Class B,TAP,0.02811,52.19,0.51,(0.99%),2023-04-03,"681,858",-0.82,4.31,-,11.98,3.17%,10.28B
462,American Airlines Group Inc.,AAL,0.027938,14.34,-0.42,(-2.81%),2023-04-03,"10,538,387",0.11,2.87,134.09,5.14,-,9.55B
463,Allegion Public Limited Company,ALLE,0.027473,105.57,-1.17,(-1.09%),2023-04-03,"390,433",5.19,6.94,20.56,15.38,1.69%,9.53B
464,Regency Centers Corporation,REG,0.027429,61.12,-0.07,(-0.11%),2023-04-03,"246,664",2.81,2.17,21.76,28.14,4.25%,10.18B
465,Pentair plc,PNR,0.026282,54.86,-0.41,(-0.75%),2023-04-03,"507,209",2.92,3.99,18.94,13.85,1.59%,8.96B
466,Pinnacle West Capital Corporation,PNW,0.025797,78.78,-0.46,(-0.59%),2023-04-03,"411,606",3.94,4.73,20.10,16.77,4.37%,8.61B
467,A. O. Smith Corporation,AOS,0.025702,68.6,-0.55,(-0.79%),2023-04-03,"426,940",1.48,3.59,46.66,19.25,1.74%,10.37B
468,Robert Half International Inc.,RHI,0.025696,79.06,-1.51,(-1.88%),2023-04-03,"372,512",6.02,5.67,13.37,14.22,2.38%,8.60B
469,Rollins Inc.,ROL,0.025246,37.44,-0.1,(-0.25%),2023-04-03,"655,465",0.75,0.94,50.11,40.10,1.39%,18.27B
470,F5 Inc.,FFIV,0.025086,144.86,-0.83,(-0.57%),2023-04-03,"146,473",4.97,13.23,29.33,11.01,-,7.98B
471,DENTSPLY SIRONA Inc.,XRAY,0.024626,39.12,-0.16,(-0.42%),2023-04-03,"843,189",-4.42,2.23,-,17.57,1.43%,8.35B
472,Bath & Body Works Inc.,BBWI,0.024157,36.12,-0.46,(-1.27%),2023-04-03,"1,697,115",3.42,3.63,10.68,10.07,2.19%,8.07B
473,Huntington Ingalls Industries Inc.,HII,0.023834,209.97,2.95,(1.42%),2023-04-03,"311,642",14.45,16.71,14.33,12.39,2.40%,8.13B
474,Universal Health Services Inc. Class B,UHS,0.023695,127.77,0.67,(0.53%),2023-04-03,"324,888",9.15,11.28,13.88,11.27,0.63%,8.92B
475,NRG Energy Inc.,NRG,0.023374,33.93,-0.37,(-1.06%),2023-04-03,"1,557,444",4.86,5.71,7.05,6.01,4.40%,7.84B
476,WestRock Company,WRK,0.022419,30.57,0.1,(0.31%),2023-04-03,"1,016,863",3.14,3.15,9.71,9.68,3.61%,7.70B
477,Franklin Resources Inc.,BEN,0.022367,26.83,-0.12,(-0.43%),2023-04-03,"1,436,805",1.97,2.69,13.70,10.03,4.45%,13.43B
478,Boston Properties Inc.,BXP,0.022044,53.52,-0.6,(-1.10%),2023-04-03,"1,082,089",5.40,2.45,10.03,22.09,7.24%,8.14B
479,V.F. Corporation,VFC,0.022032,22.44,-0.47,(-2.06%),2023-04-03,"3,297,893",1.06,2.21,21.51,10.34,5.24%,8.97B
480,Invesco Ltd.,IVZ,0.0216,16.13,-0.27,(-1.63%),2023-04-03,"1,689,248",1.49,1.93,11.01,8.52,4.57%,7.45B
481,Advance Auto Parts Inc.,AAP,0.021335,122.38,0.77,(0.64%),2023-04-03,"685,817",8.26,11.48,14.72,10.60,4.93%,7.23B
482,Federal Realty Investment Trust,FRT,0.021002,98.63,-0.2,(-0.20%),2023-04-03,"359,624",4.62,2.66,21.37,37.13,4.37%,7.92B
483,Whirlpool Corporation,WHR,0.020827,130.89,-1.13,(-0.86%),2023-04-03,"237,374",-28.02,18.20,-,7.25,5.30%,7.14B
484,Hasbro Inc.,HAS,0.019816,52.6,-1.09,(-2.03%),2023-04-03,"698,519",1.46,4.99,36.82,10.76,5.22%,7.36B
485,Sealed Air Corporation,SEE,0.019755,45.79,-0.13,(-0.27%),2023-04-03,"628,788",3.33,4.22,13.79,10.87,1.74%,6.59B
486,Generac Holdings Inc.,GNRC,0.019552,108.95,0.94,(0.87%),2023-04-03,"719,568",5.41,8.12,19.95,13.30,-,6.44B
487,News Corporation Class A,NWSA,0.019517,17.37,0.1,(0.55%),2023-04-03,"1,280,833",0.51,0.71,33.86,24.26,1.16%,9.93B
488,Assurant Inc.,AIZ,0.01853,119.28,-0.79,(-0.65%),2023-04-03,"217,709",5.04,13.59,23.81,8.83,2.33%,6.33B
489,Organon & Co.,OGN,0.017192,23.48,-0.05,(-0.19%),2023-04-03,"1,051,857",3.59,4.72,6.54,4.98,4.76%,5.86B
490,DXC Technology Co.,DXC,0.017011,25.41,-0.16,(-0.61%),2023-04-03,"862,786",2.94,4.00,8.71,6.39,-,5.79B
491,Comerica Incorporated,CMA,0.016554,42.61,-0.81,(-1.86%),2023-04-03,"2,036,343",8.47,9.74,5.13,4.46,6.54%,5.75B
492,Norwegian Cruise Line Holdings Ltd.,NCLH,0.016143,13.34,-0.12,(-0.86%),2023-04-03,"6,806,633",-5.42,1.59,-,8.44,-,5.70B
493,Alaska Air Group Inc.,ALK,0.015054,42.05,0.09,(0.21%),2023-04-03,"1,376,868",0.44,6.88,96.02,6.10,-,5.40B
494,Mohawk Industries Inc.,MHK,0.0149,99.28,-0.95,(-0.94%),2023-04-03,"208,071",0.29,11.14,350.42,8.99,-,6.35B
495,Ralph Lauren Corporation Class A,RL,0.013929,116.83,0.16,(0.13%),2023-04-03,"321,337",7.45,9.23,15.66,12.64,2.57%,7.72B
496,Newell Brands Inc,NWL,0.013591,12.4,-0.05,(-0.36%),2023-04-03,"2,256,126",0.47,1.37,26.36,9.09,7.40%,5.10B
497,DaVita Inc.,DVA,0.013085,81.77,0.66,(0.81%),2023-04-03,"306,196",5.64,7.06,14.39,11.48,-,7.25B
498,Zions Bancorporation N.A.,ZION,0.013069,29.52,-0.41,(-1.38%),2023-04-03,"2,776,528",5.79,6.48,5.17,4.62,5.48%,4.32B
499,Fox Corporation Class B,FOX,0.012679,31.29,-0.03,(-0.08%),2023-04-03,"406,545",2.74,2.35,11.43,13.32,1.60%,17.64B
500,Lincoln National Corp,LNC,0.010082,22.48,0.01,(0.02%),2023-04-03,"1,979,403",-13.17,9.51,-,2.36,8.01%,3.75B
501,First Republic Bank,FRC,0.007401,14.47,0.48,(3.42%),2023-04-03,"25,981,261",8.25,5.68,1.70,2.46,7.72%,2.59B
502,DISH Network Corporation Class A,DISH,0.006668,8.98,-0.36,(-3.80%),2023-04-03,"3,938,020",3.62,0.72,2.58,12.96,-,5.01B
503,News Corporation Class B,NWS,0.006182,17.51,0.08,(0.43%),2023-04-03,"788,247",0.51,-,34.18,-,1.15%,9.98B
