Symbol,Previous Close,Open,Bid,Ask,Day's Range,52 Week Range,Volume,Avg. Volume
AAPL,165.63,164.74,162.79 x 900,162.83 x 1100,162.23 - 165.05,124.17 - 176.15,"23,515,164","67,080,152"
MSFT,287.18,285.85,284.14 x 1000,284.17 x 1000,282.98 - 287.14,213.43 - 307.00,"10,693,565","32,195,888"
AMZN,103.95,103.91,101.21 x 900,101.25 x 1100,100.75 - 103.91,81.43 - 162.20,"22,326,920","67,426,840"
NVDA,274.53,268.29,266.71 x 800,266.71 x 800,263.95 - 269.98,108.13 - 280.00,"29,064,492","50,251,895"
GOOGL,104.72,105.78,104.15 x 800,104.09 x 900,103.72 - 106.10,83.34 - 139.36,"15,428,389","40,074,224"
GOOG,105.12,106.12,104.56 x 800,104.59 x 900,104.22 - 106.53,83.45 - 139.85,"10,710,468","32,396,877"
TSLA,192.58,190.51,184.90 x 1300,184.93 x 1100,184.01 - 190.68,101.81 - 364.07,"74,298,743","173,107,995"
META,214.72,214.15,210.71 x 1100,210.90 x 800,210.45 - 215.19,88.09 - 228.99,"10,140,392","32,074,277"
XOM,115.02,115.35,115.73 x 900,115.75 x 900,114.32 - 116.16,79.29 - 119.63,"6,696,126","17,194,993"
UNH,493.25,497.39,506.97 x 800,507.25 x 800,496.10 - 509.13,449.70 - 558.10,"2,251,836","3,553,552"
JNJ,158.49,164.37,163.43 x 1000,163.47 x 1100,162.76 - 164.48,150.11 - 186.69,"7,845,987","8,258,340"
JPM,127.42,126.80,127.65 x 900,127.68 x 1800,126.46 - 128.14,101.28 - 144.34,"3,856,799","13,609,244"
V,227.66,226.78,228.28 x 1000,228.35 x 800,226.55 - 228.46,174.60 - 234.30,"1,787,825","6,319,072"
PG,150.23,151.33,151.82 x 1100,151.84 x 800,151.01 - 152.34,122.18 - 164.90,"2,320,010","6,888,960"
MA,363.33,363.48,364.04 x 800,364.18 x 900,361.61 - 364.61,276.87 - 390.00,"682,712","2,886,083"
CVX,169.04,169.26,169.01 x 800,169.05 x 900,167.74 - 170.42,132.54 - 189.68,"2,461,165","9,046,481"
HD,294.96,295.00,289.60 x 1100,289.51 x 800,288.74 - 295.55,264.51 - 347.25,"1,362,724","3,927,408"
ABBV,159.78,160.00,161.41 x 900,161.42 x 1000,159.01 - 161.67,134.09 - 175.91,"2,498,259","6,377,059"
LLY,354.62,358.08,363.96 x 1000,364.16 x 800,357.93 - 364.84,276.83 - 375.25,"1,498,873","3,249,665"
MRK,108.83,109.91,112.05 x 1800,112.05 x 1200,109.58 - 112.19,83.05 - 115.49,"3,266,588","8,745,203"
AVGO,634.41,631.14,628.57 x 2200,629.09 x 900,626.68 - 631.70,415.07 - 648.50,"519,850","2,295,019"
PEP,181.85,183.25,184.19 x 1300,184.17 x 800,183.07 - 184.96,154.86 - 186.84,"1,382,140","4,748,101"
KO,62.21,62.53,62.87 x 1000,62.88 x 1200,62.51 - 63.02,54.02 - 67.20,"5,123,337","13,941,283"
PFE,40.90,41.28,42.09 x 3100,42.10 x 1800,41.17 - 42.17,39.23 - 56.32,"10,165,666","23,173,967"
TMO,576.18,576.51,577.48 x 800,577.81 x 800,569.92 - 578.67,475.77 - 618.36,"467,063","1,385,616"
COST,497.73,499.00,496.28 x 1100,496.71 x 1000,495.65 - 504.13,406.51 - 612.27,"732,095","1,949,667"
CSCO,51.82,52.07,51.81 x 1200,51.82 x 1300,51.68 - 52.29,38.60 - 54.91,"5,015,156","18,352,137"
MCD,282.28,283.49,284.05 x 800,284.10 x 800,283.20 - 284.96,228.34 - 284.96,"836,047","2,745,059"
WMT,147.23,147.17,149.35 x 1200,149.38 x 1000,147.18 - 149.59,117.27 - 160.77,"3,726,798","6,618,767"
CRM,197.20,198.00,195.41 x 1200,195.36 x 2200,193.73 - 198.29,126.34 - 205.47,"1,597,908","8,979,486"
BAC,27.98,27.66,27.57 x 800,27.58 x 1800,27.47 - 27.91,26.32 - 40.40,"22,228,245","57,104,122"
DIS,99.57,99.70,99.46 x 900,99.48 x 1000,98.63 - 100.13,84.07 - 133.93,"3,143,263","10,670,914"
ACN,285.84,286.24,281.68 x 900,281.76 x 1300,281.04 - 286.83,242.80 - 344.81,"785,486","2,422,703"
ABT,102.80,102.63,103.20 x 900,103.20 x 800,102.50 - 103.40,93.25 - 124.36,"2,246,171","5,256,126"
ADBE,385.15,384.09,378.36 x 1800,378.54 x 800,377.26 - 385.86,274.73 - 455.92,"1,006,029","3,081,063"
LIN,357.80,354.76,354.49 x 1000,354.63 x 800,353.86 - 356.53,262.47 - 362.74,"775,644","2,628,539"
VZ,39.65,39.72,39.97 x 800,39.98 x 2200,39.56 - 40.08,34.55 - 55.51,"8,155,019","19,923,050"
TXN,180.40,179.49,176.39 x 900,176.44 x 1100,175.85 - 179.73,144.46 - 186.30,"2,086,959","5,297,162"
DHR,248.98,247.40,248.98 x 900,249.07 x 900,245.71 - 250.03,233.71 - 303.82,"1,219,283","2,585,073"
CMCSA,37.77,37.63,37.92 x 3200,37.92 x 1200,37.53 - 38.09,28.39 - 48.42,"5,235,675","19,380,916"
AMD,95.87,94.35,92.21 x 900,92.22 x 1000,91.36 - 94.50,54.57 - 109.57,"29,566,911","62,893,572"
NFLX,346.75,345.30,337.50 x 900,337.67 x 800,336.30 - 345.00,162.71 - 379.43,"1,920,608","7,714,634"
NKE,123.69,123.00,121.30 x 800,121.35 x 900,120.81 - 123.29,82.22 - 139.14,"1,599,516","6,248,454"
NEE,77.16,77.90,78.61 x 900,78.62 x 800,77.75 - 78.78,67.22 - 91.35,"3,221,611","9,340,449"
PM,97.54,97.59,98.31 x 800,98.29 x 800,97.59 - 98.59,82.85 - 109.81,"1,143,916","4,683,793"
BMY,68.91,69.46,70.17 x 800,70.18 x 1200,69.04 - 70.21,65.28 - 81.44,"3,430,640","8,155,939"
RTX,99.51,99.24,99.40 x 1000,99.40 x 800,98.96 - 99.66,80.27 - 106.02,"1,296,973","4,774,022"
ORCL,94.00,93.62,94.54 x 800,94.62 x 800,93.48 - 94.62,60.78 - 94.62,"2,459,912","7,191,732"
WFC,36.81,36.50,36.66 x 2200,36.67 x 800,36.27 - 37.01,35.25 - 50.19,"6,672,004","23,597,452"
T,19.64,19.62,19.80 x 21500,19.81 x 2900,19.52 - 19.84,14.46 - 21.53,"12,085,843","31,951,562"
UPS,190.61,189.84,190.94 x 800,190.90 x 1000,189.81 - 191.88,154.87 - 209.39,"771,716","3,141,514"
INTC,33.10,32.79,32.66 x 1800,32.67 x 3200,32.33 - 32.99,24.59 - 48.90,"18,190,815","47,948,755"
QCOM,122.30,121.42,121.69 x 900,121.69 x 1000,121.25 - 122.57,101.93 - 156.66,"2,420,839","7,721,049"
AMGN,247.53,248.57,252.61 x 1100,252.79 x 800,248.23 - 253.16,223.30 - 296.67,"1,036,156","2,539,119"
COP,106.30,106.91,107.17 x 1100,107.22 x 1000,105.93 - 107.45,78.30 - 138.49,"1,832,417","6,870,859"
HON,190.94,190.29,190.25 x 900,190.29 x 900,189.41 - 191.01,166.63 - 220.96,"1,020,199","3,163,740"
INTU,439.81,439.63,436.18 x 800,436.81 x 900,432.01 - 439.63,339.36 - 498.45,"523,374","1,617,073"
LOW,203.00,203.01,199.31 x 800,199.36 x 800,198.99 - 203.30,170.12 - 223.31,"852,905","3,130,340"
BA,213.90,212.23,210.09 x 1300,210.31 x 900,209.50 - 214.23,113.02 - 221.33,"1,944,831","6,204,909"
UNP,195.88,195.13,194.87 x 900,194.84 x 1200,194.14 - 196.28,183.69 - 250.52,"696,925","3,653,283"
SBUX,104.00,103.98,104.54 x 1100,104.55 x 1100,103.93 - 105.70,68.39 - 110.83,"2,241,205","6,081,829"
IBM,131.60,131.37,132.27 x 1100,132.33 x 1100,131.47 - 132.61,115.55 - 153.21,"931,550","5,197,360"
PLD,124.08,123.76,123.10 x 800,123.11 x 800,122.91 - 124.31,98.03 - 174.54,"710,698","3,054,937"
SPGI,346.41,345.76,345.43 x 800,345.79 x 800,344.72 - 348.55,279.32 - 416.36,"291,735","1,432,877"
ELV,475.43,478.77,482.79 x 1000,483.15 x 800,474.05 - 484.64,440.02 - 549.52,"488,382","1,129,214"
CAT,217.45,216.20,213.95 x 900,214.15 x 900,213.23 - 217.88,160.60 - 266.04,"1,733,304","3,394,465"
LMT,488.54,488.00,492.24 x 1100,492.43 x 800,487.29 - 493.83,373.67 - 498.95,"527,531","1,483,837"
MS,84.82,83.83,83.78 x 1800,83.82 x 1300,83.20 - 84.53,72.05 - 100.99,"2,151,047","8,048,542"
GS,322.65,319.62,320.45 x 800,320.55 x 1400,319.37 - 322.20,277.84 - 389.58,"449,123","3,055,039"
DE,397.66,393.37,375.88 x 1000,376.08 x 800,373.02 - 394.20,283.81 - 448.40,"1,467,610","1,541,786"
MDT,79.47,79.73,80.05 x 800,80.07 x 800,79.07 - 80.22,75.77 - 114.31,"1,762,761","6,232,481"
GE,95.05,94.98,93.96 x 1300,94.08 x 1400,93.77 - 95.32,46.78 - 97.87,"4,380,147","7,848,573"
GILD,82.12,82.30,83.55 x 1200,83.59 x 1200,81.94 - 83.65,57.17 - 89.74,"1,607,667","6,222,832"
BKNG,"2,638.33","2,633.02","2,592.54 x 800","2,598.34 x 800","2,590.00 - 2,635.15","1,616.85 - 2,677.18","111,892","328,611"
AMAT,120.12,119.59,116.59 x 800,116.59 x 900,115.92 - 118.86,71.12 - 125.62,"2,256,017","6,581,970"
ADI,195.12,194.36,190.33 x 900,190.39 x 900,189.70 - 194.51,133.48 - 198.25,"1,174,305","3,461,993"
BLK,659.11,652.38,654.13 x 800,655.07 x 800,651.28 - 656.87,503.12 - 785.65,"153,670","728,818"
CVS,76.25,76.39,77.05 x 900,77.05 x 800,76.10 - 77.30,72.11 - 107.73,"3,229,957","9,311,859"
AXP,161.96,160.56,160.67 x 900,160.76 x 1000,160.19 - 161.60,130.65 - 192.42,"922,100","3,692,272"
SYK,287.10,287.25,288.84 x 900,289.14 x 800,286.79 - 289.90,188.84 - 290.12,"408,990","1,341,293"
NOW,476.05,475.75,465.40 x 800,466.02 x 900,460.29 - 476.00,337.00 - 542.82,"487,385","1,651,172"
MDLZ,70.52,70.94,71.39 x 1000,71.40 x 900,70.85 - 71.54,54.72 - 71.54,"2,087,828","6,047,977"
AMT,203.45,203.51,206.70 x 800,206.88 x 1000,203.44 - 207.50,178.17 - 282.47,"714,400","2,125,057"
TJX,78.64,78.70,78.21 x 800,78.21 x 800,78.11 - 78.74,53.69 - 83.13,"1,059,384","5,354,444"
ISRG,254.71,254.23,257.16 x 1300,257.37 x 1000,253.74 - 257.88,180.07 - 308.00,"429,259","1,715,559"
C,46.09,45.47,45.56 x 1200,45.57 x 1000,45.31 - 46.19,40.01 - 54.56,"5,606,020","20,373,626"
ADP,214.04,213.41,212.54 x 800,212.73 x 800,211.32 - 214.56,196.61 - 274.92,"933,811","2,133,790"
REGN,822.09,824.70,834.16 x 1100,834.92 x 1300,823.86 - 837.55,538.01 - 837.55,"203,179","650,534"
TMUS,146.31,147.02,148.45 x 900,148.46 x 800,147.05 - 148.97,120.90 - 154.38,"2,407,634","5,232,008"
PYPL,75.26,75.11,73.33 x 800,73.34 x 1100,73.11 - 75.11,66.39 - 115.52,"4,754,211","12,779,647"
PGR,144.18,143.64,146.72 x 800,146.74 x 900,143.85 - 146.99,106.35 - 146.99,"804,147","2,471,465"
MMC,167.72,167.69,168.65 x 800,168.70 x 800,167.44 - 169.46,143.33 - 183.14,"438,642","1,648,959"
CB,195.46,194.32,196.38 x 800,196.46 x 900,194.50 - 197.13,173.78 - 231.37,"344,766","1,897,047"
VRTX,314.42,316.40,319.18 x 800,319.28 x 800,314.33 - 319.48,233.01 - 325.19,"292,031","1,274,909"
MO,44.45,44.46,44.48 x 1800,44.49 x 900,44.19 - 44.70,40.35 - 57.05,"2,451,800","8,567,667"
ZTS,167.07,167.00,167.92 x 900,168.04 x 1800,166.35 - 168.60,124.15 - 201.32,"347,172","2,182,749"
CI,256.54,258.70,264.07 x 800,264.14 x 800,257.15 - 264.95,240.11 - 340.11,"1,131,724","1,778,744"
TGT,166.05,165.80,164.78 x 1000,164.92 x 800,164.06 - 166.99,137.16 - 254.87,"1,071,224","3,233,909"
SCHW,50.00,49.07,48.61 x 800,48.62 x 900,48.56 - 49.37,45.00 - 86.63,"18,684,478","22,883,285"
SO,69.63,70.00,71.30 x 1400,71.33 x 800,69.77 - 71.56,60.71 - 80.57,"2,046,666","4,416,288"
DUK,96.23,97.00,98.55 x 800,98.54 x 1000,96.77 - 98.84,83.76 - 116.33,"2,013,659","3,113,922"
SLB,50.46,50.58,50.36 x 1100,50.36 x 800,49.91 - 51.15,30.65 - 59.45,"3,898,836","9,985,426"
BSX,50.07,50.18,50.78 x 1400,50.79 x 1800,50.14 - 50.87,34.98 - 50.87,"2,922,313","7,909,970"
FISV,111.59,111.29,111.72 x 900,111.73 x 800,111.10 - 112.45,87.03 - 119.48,"694,785","3,637,624"
BDX,248.25,249.41,251.29 x 800,251.38 x 800,248.60 - 251.68,215.90 - 277.29,"241,649","1,094,301"
EOG,119.62,120.02,118.89 x 800,118.96 x 1000,117.82 - 120.59,92.16 - 150.88,"1,364,371","3,988,309"
CME,193.04,193.38,194.56 x 800,194.58 x 900,193.15 - 195.32,166.55 - 247.02,"454,653","1,918,254"
LRCX,504.29,499.90,489.46 x 800,490.11 x 900,487.90 - 499.90,299.59 - 548.85,"661,172","1,302,696"
NOC,468.10,467.22,471.75 x 800,472.24 x 1000,467.85 - 473.30,430.94 - 556.27,"250,983","1,117,132"
AON,318.85,319.91,320.70 x 900,320.98 x 800,317.56 - 322.87,246.21 - 341.98,"255,402","862,209"
EQIX,710.48,710.00,713.17 x 800,714.03 x 1200,710.00 - 718.40,494.89 - 776.35,"154,913","401,906"
ITW,234.49,232.91,230.44 x 1000,230.62 x 800,230.03 - 233.43,173.52 - 253.37,"353,311","1,118,690"
ETN,162.25,160.53,158.83 x 1000,158.89 x 900,158.38 - 161.26,122.50 - 178.75,"848,390","2,032,504"
APD,285.25,283.73,285.04 x 800,285.22 x 900,283.19 - 286.89,218.88 - 328.56,"271,070","1,149,019"
HUM,503.31,507.75,508.88 x 800,508.90 x 800,502.47 - 509.80,410.87 - 571.30,"605,553","1,058,772"
MU,57.27,56.82,56.30 x 900,56.33 x 800,56.01 - 56.83,48.43 - 76.23,"9,658,953","15,457,214"
CL,74.73,75.33,75.78 x 800,75.79 x 800,75.47 - 76.09,67.84 - 83.81,"1,461,970","4,508,673"
CSX,29.51,29.47,29.35 x 1400,29.36 x 3200,29.27 - 29.69,25.80 - 38.17,"5,248,149","13,935,800"
WM,163.53,164.28,163.05 x 900,163.12 x 800,162.86 - 165.29,138.89 - 175.98,"587,975","1,894,285"
ATVI,85.11,85.20,85.20 x 1000,85.20 x 800,84.90 - 85.65,70.94 - 85.74,"2,317,322","6,684,660"
ICE,106.04,106.46,105.73 x 1000,105.75 x 800,105.53 - 107.19,88.60 - 132.30,"1,133,080","2,830,411"
SNPS,384.93,383.25,378.13 x 900,378.56 x 800,377.58 - 384.48,255.02 - 392.79,"416,095","792,972"
CDNS,211.51,210.12,207.58 x 800,207.69 x 900,207.26 - 211.08,132.32 - 214.14,"468,800","1,759,736"
CCI,133.69,134.00,135.04 x 1000,135.11 x 800,133.42 - 135.34,121.71 - 199.97,"384,158","2,010,844"
FCX,40.26,39.87,39.71 x 1000,39.72 x 3000,39.57 - 40.21,24.80 - 51.34,"4,205,931","13,044,031"
MPC,125.82,125.50,130.31 x 1300,130.35 x 1200,125.06 - 130.39,77.62 - 138.83,"2,552,510","3,970,345"
EL,244.56,244.21,241.60 x 900,241.84 x 800,241.15 - 245.37,186.47 - 285.79,"329,768","1,426,039"
HCA,267.23,266.70,269.34 x 1200,269.35 x 800,266.22 - 270.26,164.47 - 279.02,"353,949","1,263,277"
MMM,102.25,102.36,101.84 x 1100,101.85 x 3000,101.70 - 102.76,100.16 - 154.66,"1,095,723","3,653,301"
KLAC,392.85,388.30,380.09 x 800,380.46 x 800,379.00 - 388.91,250.20 - 429.46,"266,986","1,170,239"
ORLY,864.44,864.18,860.52 x 800,861.52 x 1000,859.28 - 868.21,562.90 - 873.94,"108,954","462,277"
SHW,223.24,222.40,220.81 x 800,220.94 x 800,220.71 - 224.68,195.24 - 285.00,"463,637","1,641,532"
FDX,226.49,232.10,228.75 x 1800,228.73 x 1300,227.91 - 235.64,141.92 - 248.76,"3,005,323","2,045,619"
MRNA,156.52,155.79,154.42 x 900,154.54 x 4000,152.25 - 156.86,115.03 - 217.25,"1,184,879","3,585,788"
GD,229.32,229.05,229.21 x 800,229.40 x 1000,228.71 - 230.75,207.42 - 256.86,"395,116","1,229,762"
EW,83.20,83.52,83.40 x 1000,83.42 x 900,82.77 - 83.58,67.13 - 131.10,"838,535","3,560,447"
GIS,86.07,86.49,87.18 x 900,87.18 x 1000,86.27 - 87.23,64.94 - 88.34,"1,919,065","3,601,134"
PXD,210.76,211.50,208.87 x 1000,209.18 x 1100,207.73 - 212.43,177.27 - 288.46,"706,007","2,621,926"
F,12.72,12.58,12.33 x 21500,12.34 x 21500,12.22 - 12.65,10.61 - 16.68,"25,964,763","69,673,888"
GM,35.74,35.27,34.73 x 900,34.74 x 3000,34.40 - 35.38,30.33 - 43.63,"5,277,603","15,553,760"
MCK,362.99,365.70,371.67 x 1300,371.94 x 1000,364.42 - 371.96,298.69 - 401.78,"550,053","988,434"
PNC,122.83,120.81,120.76 x 1100,120.80 x 800,120.48 - 123.19,119.27 - 188.59,"1,350,741","3,457,842"
VLO,127.43,127.61,132.56 x 900,132.66 x 800,127.18 - 133.70,96.71 - 150.39,"4,175,529","4,313,963"
USB,35.06,34.83,34.92 x 1300,34.93 x 1100,34.49 - 35.26,32.72 - 53.88,"5,102,906","12,963,526"
PSA,308.26,307.88,306.60 x 900,306.56 x 900,304.15 - 308.91,270.13 - 421.76,"516,215","1,108,988"
EMR,85.18,84.62,83.46 x 1300,83.47 x 800,83.31 - 84.90,72.41 - 99.65,"709,347","3,621,534"
CMG,"1,734.84","1,731.00","1,700.77 x 1100","1,702.84 x 800","1,695.34 - 1,726.35","1,196.28 - 1,754.56","106,201","284,296"
DG,214.19,215.00,213.87 x 900,213.87 x 1000,213.29 - 215.37,183.25 - 262.21,"618,884","2,059,614"
MSI,285.90,286.01,283.99 x 800,284.21 x 1100,283.08 - 286.02,195.18 - 286.24,"442,389","683,703"
MCO,303.94,303.23,300.97 x 1200,301.21 x 900,300.28 - 304.04,230.16 - 346.22,"131,837","886,960"
APH,79.63,79.16,78.18 x 800,78.19 x 800,78.05 - 79.31,61.67 - 82.86,"623,638","2,472,434"
SRE,150.26,151.00,153.64 x 900,153.66 x 1300,151.55 - 154.15,136.54 - 176.47,"347,306","1,372,818"
OXY,64.83,64.37,64.16 x 900,64.14 x 1000,63.58 - 65.18,51.53 - 77.13,"5,979,933","14,064,362"
AZO,"2,502.05","2,502.07","2,499.97 x 800","2,503.93 x 1000","2,491.67 - 2,511.77","1,703.32 - 2,610.05","45,765","155,557"
D,56.31,56.65,57.53 x 800,57.54 x 800,56.45 - 57.72,52.03 - 88.78,"1,790,555","4,846,944"
AEP,91.17,91.82,94.27 x 1000,94.29 x 800,91.79 - 94.59,80.30 - 105.60,"1,864,807","2,984,544"
NSC,205.02,205.00,204.04 x 800,204.33 x 900,203.69 - 205.69,196.33 - 276.65,"585,227","1,672,134"
ROP,436.33,437.41,434.76 x 800,434.96 x 900,434.70 - 437.73,356.22 - 488.23,"137,666","579,509"
PSX,98.28,98.40,100.48 x 1000,100.51 x 800,98.16 - 101.14,74.02 - 113.53,"1,533,574","3,711,693"
NXPI,176.12,174.41,172.01 x 1200,172.31 x 800,171.35 - 174.99,132.08 - 198.28,"725,772","2,067,690"
KMB,134.46,135.38,135.49 x 1000,135.56 x 1200,134.92 - 136.79,108.74 - 144.53,"492,918","1,738,190"
MCHP,81.64,80.99,79.19 x 4000,79.20 x 1000,78.95 - 80.99,54.33 - 87.76,"2,040,759","4,859,759"
DXCM,115.64,115.69,114.03 x 1200,114.12 x 800,113.94 - 115.71,66.89 - 130.18,"372,652","2,476,227"
MAR,164.38,163.62,162.59 x 800,162.71 x 1200,162.08 - 163.89,131.01 - 195.90,"390,955","1,850,886"
MSCI,550.38,546.46,543.37 x 1000,543.91 x 1000,541.86 - 550.99,376.41 - 572.50,"89,846","435,109"
ADSK,203.32,201.62,196.87 x 900,196.99 x 800,196.18 - 202.37,163.20 - 235.01,"470,452","1,435,513"
ADM,79.38,79.16,78.87 x 800,78.88 x 1000,78.77 - 79.55,70.02 - 98.88,"627,461","3,309,411"
CTVA,60.40,60.04,60.44 x 800,60.46 x 1400,60.05 - 60.55,50.03 - 68.43,"657,895","3,601,440"
FTNT,65.97,65.68,65.13 x 1200,65.16 x 1000,64.71 - 66.25,42.61 - 71.52,"1,292,221","5,146,057"
TFC,31.95,31.59,31.66 x 1300,31.67 x 1000,31.35 - 32.10,28.70 - 55.28,"4,833,143","12,539,470"
EXC,41.86,42.01,42.88 x 1000,42.89 x 1400,42.01 - 43.07,35.19 - 50.71,"3,150,543","7,319,444"
ANET,166.74,165.45,163.41 x 800,163.47 x 900,162.70 - 165.74,89.11 - 171.44,"933,095","2,561,039"
AJG,193.92,193.58,195.13 x 900,195.27 x 800,192.96 - 196.15,148.24 - 202.37,"235,136","914,491"
PH,320.64,319.66,311.05 x 900,311.31 x 900,310.99 - 320.42,230.44 - 364.57,"677,302","979,539"
ECL,164.87,164.42,165.51 x 800,165.64 x 800,163.96 - 166.12,131.04 - 185.50,"419,295","1,191,834"
A,138.21,137.74,138.63 x 900,138.73 x 1000,136.67 - 139.27,112.52 - 160.26,"578,403","1,416,762"
NEM,51.35,51.74,51.70 x 800,51.72 x 800,51.19 - 52.76,37.45 - 86.37,"4,974,353","7,909,195"
MNST,53.16,53.32,53.10 x 900,53.11 x 1400,53.06 - 53.73,39.58 - 54.52,"1,070,721","4,129,934"
TEL,126.27,125.39,124.37 x 800,124.45 x 800,124.02 - 125.74,104.76 - 138.24,"478,755","1,831,336"
IDXX,484.01,482.51,481.08 x 800,481.91 x 900,478.73 - 484.84,317.06 - 554.97,"107,236","494,877"
TT,173.78,172.71,170.60 x 800,170.70 x 1300,170.05 - 173.64,120.64 - 196.22,"1,439,267","1,458,436"
BIIB,275.25,276.00,282.64 x 800,282.84 x 800,275.33 - 283.03,187.16 - 311.88,"417,550","976,752"
SYY,77.25,77.30,77.16 x 900,77.18 x 1100,76.99 - 77.75,70.61 - 91.53,"520,070","2,363,954"
O,62.84,62.96,63.04 x 800,63.05 x 800,62.47 - 63.10,55.50 - 75.40,"1,263,236","3,576,801"
CTAS,454.91,452.99,452.98 x 800,453.32 x 1100,451.90 - 457.46,343.86 - 470.23,"90,400","352,839"
JCI,57.28,56.93,55.70 x 800,55.71 x 1000,55.56 - 57.22,45.52 - 69.60,"3,137,722","3,726,118"
HES,140.92,141.50,139.97 x 800,140.08 x 1100,139.01 - 141.82,90.34 - 160.52,"404,577","1,868,498"
TRV,168.63,167.66,170.23 x 1000,170.30 x 800,167.13 - 170.34,149.65 - 194.51,"505,977","1,561,468"
TDG,735.64,728.87,727.67 x 800,728.38 x 800,722.72 - 733.46,499.63 - 772.01,"52,944","341,808"
DOW,54.26,53.65,53.99 x 1300,54.00 x 800,53.45 - 54.08,42.91 - 71.86,"1,413,540","5,276,967"
HSY,258.07,259.26,259.70 x 1200,259.88 x 800,258.89 - 261.02,201.42 - 261.02,"345,071","1,066,996"
MET,57.44,56.90,58.24 x 800,58.26 x 900,56.85 - 58.29,52.83 - 77.36,"1,828,083","5,168,996"
ROST,108.53,107.81,106.54 x 1000,106.58 x 1200,106.44 - 107.87,69.24 - 122.45,"901,875","2,399,270"
LHX,197.10,196.85,197.28 x 800,197.33 x 800,196.87 - 198.25,189.73 - 264.71,"231,359","1,317,667"
XEL,68.45,68.91,70.69 x 900,70.72 x 800,68.87 - 70.88,56.89 - 77.66,"1,618,778","3,007,232"
HLT,139.00,138.30,138.64 x 900,138.70 x 1400,137.57 - 139.00,108.41 - 167.99,"733,124","1,665,875"
YUM,131.60,132.01,132.88 x 800,132.90 x 900,131.87 - 133.01,103.97 - 133.77,"363,223","1,544,260"
AIG,49.87,49.28,50.06 x 800,50.07 x 900,49.24 - 50.08,45.66 - 65.73,"1,134,019","5,485,734"
COF,96.63,95.60,93.35 x 1000,93.38 x 1200,92.94 - 94.97,86.84 - 144.73,"1,229,838","3,510,085"
PCAR,70.80,70.35,67.78 x 1000,67.76 x 1200,67.69 - 70.46,51.33 - 76.72,"1,786,326","3,279,043"
CHTR,348.12,347.67,351.59 x 800,352.10 x 1000,342.95 - 354.49,297.66 - 572.08,"264,622","1,141,119"
IQV,196.70,195.07,196.92 x 1300,197.04 x 900,193.93 - 197.38,165.75 - 254.94,"307,268","983,868"
SPG,111.31,110.53,109.16 x 800,109.22 x 800,108.83 - 110.99,86.02 - 134.80,"561,860","1,693,991"
NUE,143.83,141.60,142.33 x 800,142.33 x 900,141.29 - 145.74,100.13 - 187.90,"845,779","1,870,203"
ILMN,230.22,230.49,230.60 x 1300,231.04 x 900,229.36 - 232.63,173.45 - 370.54,"273,850","1,383,495"
AFL,63.91,63.48,64.65 x 900,64.67 x 800,63.08 - 64.74,52.07 - 74.02,"599,030","2,706,755"
WMB,29.67,29.82,29.65 x 800,29.66 x 2200,29.52 - 29.84,27.80 - 37.97,"1,952,586","7,381,122"
CARR,42.89,43.18,42.45 x 1300,42.46 x 800,42.11 - 43.09,33.10 - 49.17,"2,632,008","4,525,752"
STZ,218.23,220.14,221.56 x 900,221.83 x 800,218.58 - 221.80,208.12 - 261.52,"609,936","1,375,442"
CNC,63.98,64.42,65.43 x 800,65.43 x 1000,63.83 - 65.79,61.71 - 98.53,"1,573,907","3,926,649"
PAYX,109.90,109.72,108.42 x 1200,108.46 x 900,108.05 - 110.15,105.66 - 141.92,"871,518","1,908,439"
KMI,17.48,17.55,17.55 x 4000,17.56 x 1000,17.42 - 17.58,15.78 - 20.20,"3,893,789","13,196,572"
DVN,52.74,52.80,52.72 x 1000,52.74 x 800,52.10 - 53.12,44.03 - 79.40,"3,640,879","10,550,547"
MTD,"1,529.54","1,520.60","1,532.57 x 800","1,538.08 x 800","1,510.01 - 1,542.28","1,065.55 - 1,609.25","24,245","90,078"
ED,96.02,96.81,98.38 x 1000,98.41 x 1000,96.69 - 98.76,78.10 - 102.21,"747,098","1,876,486"
ON,78.49,77.46,76.33 x 800,76.34 x 1000,75.42 - 77.87,44.76 - 87.55,"2,238,570","7,135,850"
OTIS,80.63,80.11,79.57 x 1400,79.60 x 800,79.32 - 80.45,62.49 - 87.33,"520,056","1,823,327"
WBD,15.15,14.99,14.80 x 3000,14.81 x 1100,14.66 - 15.00,8.82 - 27.50,"5,325,514","19,569,121"
WELL,70.38,70.35,71.00 x 800,71.00 x 1000,70.34 - 71.26,56.50 - 98.42,"487,178","2,320,749"
EA,125.24,125.24,125.51 x 900,125.54 x 900,124.85 - 126.25,108.53 - 142.79,"647,459","2,603,050"
CMI,231.90,229.64,219.29 x 800,219.47 x 900,218.17 - 231.01,184.28 - 261.91,"723,718","1,049,340"
BK,44.68,44.13,44.67 x 2200,44.68 x 1100,44.10 - 44.96,36.22 - 52.26,"1,207,127","5,992,754"
VICI,32.35,32.52,32.38 x 1000,32.39 x 800,32.27 - 32.58,26.42 - 35.69,"2,797,884","6,610,014"
CPRT,75.67,75.33,74.96 x 800,74.98 x 1100,74.74 - 75.57,51.10 - 76.23,"447,342","1,966,611"
PPG,138.32,137.26,137.75 x 900,137.84 x 1100,137.20 - 139.32,107.06 - 140.22,"558,828","1,486,963"
RMD,220.24,220.50,222.01 x 2200,222.13 x 800,220.13 - 222.38,189.40 - 253.67,"104,156","635,929"
KR,49.46,49.49,47.91 x 800,47.92 x 1300,47.60 - 49.60,41.82 - 62.78,"3,864,864","5,463,039"
DD,70.22,69.51,69.84 x 900,69.87 x 800,69.30 - 70.03,49.52 - 78.40,"993,409","3,203,118"
AME,139.06,138.06,136.34 x 900,136.38 x 800,135.65 - 138.51,106.17 - 148.06,"354,070","1,023,354"
AMP,300.23,296.32,295.84 x 1000,296.12 x 800,294.89 - 298.42,219.99 - 357.46,"235,176","630,649"
ROK,278.76,276.41,274.96 x 800,275.25 x 800,273.80 - 278.05,190.08 - 309.36,"313,250","705,304"
FIS,52.95,52.51,53.29 x 1000,53.32 x 900,52.59 - 53.52,48.57 - 106.65,"2,261,919","6,722,280"
DLTR,148.89,148.90,148.83 x 2200,148.85 x 800,148.48 - 149.43,124.76 - 177.19,"488,156","2,318,367"
CTSH,60.67,60.46,60.43 x 1200,60.46 x 800,60.25 - 61.17,51.33 - 89.32,"1,326,115","4,716,550"
PEG,61.43,61.59,62.92 x 900,62.94 x 1300,61.51 - 63.16,52.51 - 75.61,"885,526","2,508,965"
KHC,38.61,38.79,38.98 x 1200,38.99 x 1300,38.74 - 39.14,32.73 - 44.87,"1,640,462","6,745,737"
DHI,97.41,97.51,96.93 x 900,96.93 x 800,96.54 - 98.26,59.25 - 104.14,"1,443,104","2,993,086"
FAST,53.01,52.71,51.77 x 800,51.78 x 1000,51.51 - 52.84,43.73 - 59.83,"1,508,523","3,305,160"
PRU,82.24,80.92,82.50 x 800,82.50 x 800,80.92 - 82.60,75.37 - 122.54,"776,826","2,401,095"
HAL,33.23,33.26,32.83 x 1000,32.84 x 800,32.45 - 33.39,23.30 - 43.99,"2,921,890","9,767,950"
ALL,113.17,111.69,114.71 x 1000,114.78 x 800,111.14 - 115.04,103.20 - 144.46,"480,328","1,977,934"
KDP,35.36,35.50,35.57 x 3100,35.58 x 2200,35.49 - 35.88,33.35 - 41.31,"3,149,998","7,670,744"
WEC,94.79,95.36,97.58 x 900,97.62 x 800,95.31 - 97.91,80.82 - 108.39,"658,864","1,372,040"
VRSK,190.59,190.50,191.70 x 900,191.77 x 900,190.50 - 193.34,156.05 - 222.11,"352,728","1,092,845"
ODFL,328.72,326.23,322.54 x 800,323.02 x 800,321.61 - 326.79,231.31 - 381.81,"267,657","789,101"
GWW,656.68,650.57,640.83 x 800,641.39 x 800,637.00 - 653.17,440.48 - 709.21,"144,527","295,875"
GEHC,81.59,81.50,80.85 x 1100,80.96 x 2900,80.66 - 81.80,53.00 - 82.62,"511,898","2,679,427"
BKR,29.25,29.29,29.16 x 800,29.17 x 1100,28.97 - 29.51,20.42 - 38.66,"1,625,014","6,768,219"
OKE,65.04,65.20,65.46 x 800,65.46 x 800,64.84 - 65.67,50.50 - 75.07,"738,613","2,586,016"
APTV,107.22,106.20,104.58 x 1100,104.64 x 800,104.25 - 107.32,77.96 - 124.88,"431,514","1,839,239"
ANSS,328.76,327.27,324.39 x 900,325.18 x 800,323.46 - 328.37,194.23 - 333.89,"106,299","511,614"
AWK,147.13,148.17,150.03 x 800,149.99 x 1200,147.32 - 150.64,122.77 - 173.87,"288,450","1,234,688"
KEYS,157.30,156.49,155.70 x 2200,155.82 x 800,155.53 - 157.19,127.93 - 189.45,"320,970","1,187,600"
ULTA,546.17,544.90,534.56 x 900,535.26 x 1000,530.19 - 546.29,330.80 - 553.06,"389,279","583,245"
RSG,136.12,136.85,135.59 x 1100,135.62 x 1000,135.45 - 137.51,119.72 - 149.17,"365,070","1,556,891"
SBAC,256.74,257.00,259.38 x 800,259.64 x 900,256.74 - 260.57,236.20 - 379.99,"180,960","837,934"
CSGP,68.02,67.67,67.83 x 800,67.84 x 1300,67.67 - 68.15,53.51 - 85.37,"613,328","2,208,400"
ENPH,202.54,200.00,188.79 x 1000,189.09 x 1000,187.73 - 201.62,128.67 - 339.92,"2,314,715","4,274,131"
ES,78.05,78.56,80.15 x 800,80.20 x 800,78.17 - 80.62,70.54 - 94.63,"645,929","1,803,478"
GPN,103.31,102.40,103.18 x 1000,103.24 x 800,102.24 - 104.56,92.27 - 146.71,"855,956","1,826,629"
ZBH,127.92,128.37,128.85 x 800,128.87 x 1300,127.85 - 129.18,100.39 - 135.05,"361,345","1,417,998"
EIX,70.29,70.59,71.95 x 800,71.98 x 800,70.31 - 72.03,54.45 - 73.32,"638,310","2,097,411"
DLR,92.78,92.40,91.61 x 1000,91.66 x 1100,91.39 - 92.81,85.76 - 153.50,"1,186,183","2,273,686"
TSCO,239.59,237.54,233.29 x 800,233.54 x 800,233.00 - 238.89,166.49 - 242.02,"486,079","1,041,749"
ABC,162.97,163.97,166.86 x 900,167.00 x 1300,163.31 - 167.48,135.14 - 174.63,"550,636","1,286,781"
LEN,103.83,103.74,103.49 x 1100,103.54 x 1100,103.41 - 105.01,62.54 - 109.28,"597,368","2,270,608"
DFS,98.58,97.19,96.56 x 1000,96.56 x 900,96.36 - 97.99,87.64 - 121.17,"720,292","2,531,278"
GLW,34.43,34.19,34.28 x 800,34.29 x 1100,34.16 - 34.53,28.98 - 37.73,"886,135","4,340,791"
STT,74.62,73.57,74.73 x 800,74.75 x 900,73.43 - 74.96,58.62 - 94.74,"712,994","3,028,288"
FANG,141.65,142.33,141.25 x 1100,141.33 x 1100,140.61 - 143.74,103.71 - 168.95,"854,236","2,445,704"
PCG,16.13,16.19,16.26 x 3100,16.27 x 4000,16.14 - 16.31,9.64 - 16.83,"3,311,158","14,681,985"
WST,348.10,348.04,347.11 x 800,347.56 x 1000,345.80 - 349.72,206.19 - 424.00,"86,091","593,354"
WBA,35.85,35.71,36.00 x 1300,36.01 x 1100,35.71 - 36.03,30.39 - 47.28,"2,877,873","6,874,872"
CDW,189.27,188.42,187.69 x 900,187.82 x 900,187.41 - 189.36,147.91 - 215.00,"184,620","833,960"
HPQ,29.55,29.36,29.34 x 1100,29.35 x 900,29.26 - 29.70,24.08 - 41.47,"2,147,168","6,311,988"
WTW,234.23,232.97,236.07 x 900,236.26 x 800,232.97 - 236.38,187.89 - 258.93,"135,648","549,921"
ACGL,67.89,67.65,68.50 x 800,68.50 x 800,67.27 - 68.50,41.05 - 72.28,"460,145","2,133,178"
URI,359.13,352.20,349.07 x 1000,349.31 x 800,348.25 - 359.73,230.54 - 481.99,"847,826","899,416"
CEG,76.02,75.88,76.62 x 800,76.66 x 1000,75.69 - 76.94,52.64 - 97.89,"335,800","2,150,373"
TROW,110.60,109.69,108.96 x 800,109.04 x 800,108.86 - 110.41,93.53 - 153.01,"272,414","1,795,831"
IT,314.08,313.08,311.51 x 800,311.75 x 1000,311.11 - 317.39,221.39 - 358.25,"169,517","459,067"
EFX,202.11,201.46,201.01 x 800,201.22 x 800,200.75 - 202.71,145.98 - 234.14,"192,463","802,450"
ALB,209.57,200.96,195.65 x 900,195.93 x 1100,193.26 - 201.12,185.15 - 334.55,"2,828,199","1,684,478"
EBAY,44.33,44.25,43.95 x 800,43.96 x 1000,43.71 - 44.26,35.92 - 56.23,"1,178,836","4,891,652"
ALGN,326.85,324.44,316.59 x 1100,317.42 x 1100,314.16 - 324.44,172.05 - 431.27,"221,358","1,051,290"
LYB,93.43,92.45,93.26 x 1000,93.28 x 1100,91.92 - 93.35,71.46 - 117.22,"810,525","2,141,640"
GPC,164.84,164.64,163.00 x 800,163.11 x 1000,162.45 - 164.64,125.32 - 187.73,"199,857","1,193,639"
PWR,162.65,161.64,158.81 x 1200,158.96 x 800,158.29 - 162.27,106.33 - 168.75,"424,725","936,714"
AVB,166.29,165.93,166.87 x 800,166.88 x 800,165.60 - 167.32,153.07 - 258.81,"182,123","882,211"
FTV,65.52,65.11,64.65 x 800,64.68 x 800,64.50 - 65.20,52.47 - 69.78,"467,514","1,934,834"
IFF,90.08,89.54,89.61 x 800,89.65 x 1300,89.42 - 90.24,81.53 - 135.17,"363,570","2,185,670"
VMC,168.86,166.85,164.72 x 900,164.72 x 1000,164.29 - 167.95,137.54 - 197.76,"370,465","808,895"
IR,55.26,54.72,54.44 x 800,54.45 x 900,54.26 - 54.98,39.28 - 60.39,"3,550,730","2,464,095"
CBRE,70.91,70.23,69.90 x 1000,69.90 x 900,69.58 - 70.30,66.31 - 90.37,"768,949","1,643,949"
AEE,86.41,86.98,88.63 x 1200,88.66 x 900,86.81 - 88.98,73.28 - 99.20,"503,596","1,434,295"
PODD,319.91,319.18,317.52 x 900,318.03 x 900,315.83 - 319.93,181.00 - 326.74,"103,820","841,470"
WY,29.95,29.71,29.49 x 1300,29.50 x 800,29.45 - 29.81,27.37 - 42.86,"1,754,972","4,388,275"
HIG,69.06,68.29,69.32 x 1000,69.43 x 800,68.31 - 69.47,60.17 - 79.44,"434,123","2,281,183"
ETR,107.48,108.18,110.09 x 800,110.16 x 800,107.91 - 110.64,94.94 - 126.82,"398,425","1,420,129"
DAL,33.92,33.56,33.05 x 1000,33.06 x 1400,32.96 - 33.63,27.20 - 46.27,"4,054,637","10,130,680"
CHD,88.83,89.26,89.89 x 1000,89.89 x 900,89.16 - 90.49,70.16 - 105.28,"460,994","1,366,480"
FE,40.10,40.30,41.21 x 1000,41.22 x 1000,40.22 - 41.31,35.32 - 48.85,"1,245,073","3,955,880"
MPWR,483.01,478.74,470.51 x 800,472.12 x 1000,469.01 - 479.24,301.69 - 541.39,"217,434","512,659"
MLM,347.55,343.54,339.31 x 900,339.71 x 800,338.33 - 345.15,284.99 - 386.73,"130,241","389,893"
EXR,160.17,160.25,158.84 x 900,159.04 x 1100,158.32 - 161.32,139.97 - 222.36,"1,473,520","1,291,214"
MKC,85.14,85.68,85.27 x 800,85.24 x 800,85.15 - 86.23,70.60 - 105.19,"580,979","1,536,145"
DTE,108.71,109.13,111.55 x 900,111.62 x 1100,109.13 - 111.82,100.64 - 140.23,"472,916","1,251,011"
HPE,16.11,16.01,15.81 x 1100,15.82 x 4000,15.76 - 16.10,11.90 - 17.25,"4,190,313","13,797,877"
FSLR,208.14,207.53,200.44 x 1100,200.78 x 800,199.83 - 209.02,59.60 - 219.55,"904,109","2,470,775"
TDY,438.34,435.98,433.36 x 800,434.01 x 1000,432.77 - 437.78,325.00 - 493.97,"33,625","182,573"
BAX,40.50,40.69,41.56 x 2200,41.57 x 1100,40.61 - 41.81,37.35 - 80.58,"4,958,710","6,697,503"
LH,230.62,229.88,233.15 x 1000,233.35 x 800,229.21 - 233.79,200.32 - 280.72,"174,233","617,626"
DOV,145.07,143.85,142.16 x 800,142.32 x 800,142.00 - 144.58,114.49 - 160.66,"169,288","894,778"
EQR,59.39,59.27,59.62 x 800,59.64 x 800,59.05 - 59.72,54.60 - 94.32,"355,592","2,313,900"
PPL,27.55,27.65,28.22 x 900,28.23 x 1200,27.68 - 28.35,23.47 - 31.74,"1,606,906","5,741,814"
HOLX,80.79,80.96,81.85 x 900,81.92 x 800,80.64 - 82.03,59.78 - 86.65,"286,904","1,573,706"
CAH,76.66,77.04,78.45 x 1000,78.47 x 1100,76.93 - 78.55,49.70 - 81.57,"658,611","2,560,321"
VRSN,213.85,214.00,212.95 x 800,213.13 x 800,212.74 - 214.36,155.25 - 224.56,"180,299","591,245"
CTRA,25.09,25.20,25.09 x 1800,25.10 x 2200,24.82 - 25.33,22.25 - 36.55,"2,278,212","9,392,888"
MTB,117.18,115.49,116.59 x 1000,116.67 x 1100,114.77 - 117.44,110.00 - 193.42,"410,222","1,934,988"
ARE,124.02,123.57,123.84 x 1000,123.93 x 800,123.18 - 124.57,114.95 - 206.65,"191,853","1,112,562"
OMC,94.79,94.00,93.23 x 800,93.26 x 1000,92.67 - 94.00,61.31 - 96.52,"443,330","1,949,439"
TTWO,121.64,121.49,119.72 x 800,119.89 x 1000,118.99 - 121.49,90.00 - 152.00,"377,752","1,779,454"
CLX,155.90,156.71,157.06 x 800,157.19 x 800,156.01 - 158.64,120.50 - 160.59,"400,624","1,226,254"
STE,191.27,191.25,192.67 x 800,192.93 x 800,189.91 - 193.50,159.21 - 255.93,"82,442","546,365"
LVS,57.66,57.73,56.13 x 800,56.19 x 1000,56.08 - 57.73,28.88 - 60.99,"1,001,562","4,945,470"
LUV,31.72,31.40,31.21 x 900,31.22 x 2200,31.12 - 31.50,28.95 - 50.10,"1,536,216","6,714,585"
DRI,153.09,152.94,153.15 x 800,153.30 x 800,151.84 - 153.59,110.96 - 155.90,"463,822","1,289,980"
CNP,29.44,29.54,30.22 x 1400,30.23 x 1000,29.54 - 30.33,25.03 - 33.50,"1,685,291","3,920,216"
NDAQ,54.70,54.66,54.33 x 800,54.34 x 900,54.29 - 55.08,46.77 - 69.22,"954,922","2,532,596"
COO,370.06,368.72,371.98 x 800,372.43 x 900,365.44 - 373.00,244.22 - 424.36,"71,680","310,704"
XYL,101.18,100.21,100.02 x 1100,100.05 x 1100,99.83 - 101.06,72.08 - 118.58,"668,243","1,747,413"
SWKS,114.05,113.00,111.17 x 800,111.19 x 800,111.06 - 113.20,76.16 - 127.69,"541,150","1,840,801"
NTRS,87.00,86.28,87.48 x 800,87.51 x 1000,86.14 - 87.63,76.15 - 116.58,"243,110","1,221,662"
WAT,302.73,301.98,303.18 x 800,303.48 x 1100,300.95 - 305.20,265.61 - 369.00,"137,348","372,791"
INVH,31.25,31.19,31.35 x 800,31.36 x 1300,31.12 - 31.41,28.52 - 44.36,"654,971","3,222,914"
CAG,37.58,37.59,38.74 x 1000,38.75 x 1300,37.55 - 38.79,31.02 - 41.30,"4,835,007","4,424,172"
CMS,60.83,61.14,61.76 x 800,61.80 x 900,60.63 - 62.10,52.41 - 73.76,"2,054,069","1,892,921"
WAB,97.61,96.92,96.19 x 800,96.25 x 800,95.74 - 97.58,78.26 - 107.86,"463,077","969,372"
CINF,110.85,110.00,110.88 x 800,111.08 x 1100,109.62 - 111.13,88.66 - 143.22,"145,635","792,601"
FITB,25.61,25.11,25.47 x 1000,25.48 x 1400,24.98 - 25.74,22.11 - 41.87,"2,898,183","9,100,573"
RJF,90.16,88.81,88.88 x 900,88.87 x 800,88.70 - 89.88,84.86 - 126.00,"359,960","1,594,844"
TSN,59.68,59.83,59.75 x 1100,59.77 x 2200,59.57 - 60.35,55.81 - 99.54,"959,548","3,174,765"
FICO,689.29,687.53,678.28 x 800,680.93 x 1100,678.65 - 693.41,340.48 - 711.85,"26,879","292,678"
MAA,149.16,149.04,149.73 x 1100,149.91 x 1200,148.54 - 149.90,138.68 - 217.64,"155,697","789,483"
K,67.29,67.60,68.02 x 1000,68.03 x 800,67.29 - 68.15,63.74 - 77.17,"633,002","2,195,149"
RF,18.31,18.13,18.16 x 1000,18.17 x 3000,17.96 - 18.42,13.94 - 24.33,"3,642,708","11,929,608"
STLD,103.29,100.73,102.45 x 1300,102.53 x 800,100.74 - 104.65,62.44 - 136.46,"834,526","1,880,165"
BALL,54.25,54.17,53.66 x 900,53.71 x 800,53.55 - 54.54,46.00 - 89.89,"445,389","1,768,778"
EXPD,106.46,106.38,105.51 x 1000,105.56 x 1400,105.18 - 106.97,86.08 - 119.90,"268,010","1,430,154"
VTR,42.26,42.23,42.07 x 800,42.09 x 800,41.86 - 42.44,35.33 - 62.33,"866,852","2,228,908"
BR,143.53,143.13,141.56 x 800,141.61 x 800,141.08 - 143.90,131.35 - 183.33,"143,465","569,790"
AMCR,11.22,11.19,11.25 x 1100,11.26 x 4000,11.16 - 11.29,10.42 - 13.61,"1,778,351","8,149,419"
TRGP,74.68,74.63,74.40 x 800,74.43 x 900,73.50 - 74.86,55.56 - 81.50,"417,410","1,638,468"
PKI,131.89,131.39,133.70 x 800,133.79 x 900,130.49 - 134.30,113.46 - 174.10,"232,254","880,675"
IEX,222.23,221.11,217.76 x 800,217.91 x 1100,217.18 - 222.69,172.19 - 246.23,"106,725","379,998"
SJM,155.74,155.93,157.65 x 900,157.72 x 900,156.47 - 158.01,119.82 - 163.07,"226,040","970,254"
EPAM,291.06,288.23,282.05 x 1000,282.20 x 800,281.35 - 289.67,260.68 - 462.99,"261,008","447,459"
NVR,"5,526.81","5,539.30","5,500.00 x 1000","5,512.00 x 900","5,490.00 - 5,570.00","3,576.01 - 5,620.00","7,645","22,439"
PFG,72.40,71.60,72.60 x 1000,72.63 x 800,71.18 - 72.81,61.05 - 96.17,"913,032","1,944,139"
SEDG,292.77,290.82,277.13 x 900,277.29 x 800,275.36 - 293.75,190.15 - 375.90,"599,339","1,151,855"
MRO,25.73,25.61,25.42 x 1800,25.43 x 1400,25.13 - 25.73,19.42 - 33.42,"5,373,284","10,807,501"
TER,103.09,102.10,100.75 x 900,100.83 x 800,100.25 - 102.25,67.81 - 117.42,"571,559","1,643,447"
DGX,141.20,141.29,143.13 x 800,143.18 x 1300,141.00 - 143.25,120.40 - 158.34,"398,949","1,195,895"
ATO,111.15,111.47,113.78 x 1800,113.81 x 1100,111.92 - 114.11,97.71 - 122.96,"273,022","812,688"
AES,23.82,23.78,24.12 x 900,24.13 x 1300,23.79 - 24.24,18.62 - 29.89,"1,082,603","4,385,754"
ZBRA,308.71,308.48,299.71 x 1000,300.53 x 900,300.00 - 308.48,224.87 - 427.02,"66,633","362,350"
MOH,272.89,275.48,282.00 x 1200,282.25 x 900,274.37 - 282.43,249.78 - 374.00,"207,694","506,304"
MOS,46.19,45.88,45.40 x 1100,45.41 x 800,45.26 - 46.34,41.16 - 79.28,"1,564,356","4,326,854"
FDS,409.77,409.91,405.01 x 900,405.53 x 800,404.00 - 412.81,345.92 - 474.13,"75,854","240,795"
HBAN,10.98,10.76,10.88 x 1400,10.89 x 3000,10.71 - 11.03,9.94 - 15.74,"5,529,574","20,417,304"
BBY,77.84,77.40,76.09 x 800,76.12 x 1200,75.76 - 77.25,60.79 - 98.18,"987,573","2,401,809"
HWM,42.12,41.98,41.94 x 900,41.92 x 900,41.74 - 42.23,29.84 - 44.37,"1,433,390","3,065,116"
GRMN,100.08,99.75,98.33 x 1300,98.40 x 900,98.12 - 99.82,76.37 - 117.20,"156,722","981,580"
IRM,52.59,52.40,52.36 x 1000,52.41 x 900,52.15 - 52.88,43.33 - 58.61,"337,182","1,507,216"
FMC,121.59,121.27,120.44 x 1100,120.50 x 1000,120.23 - 121.66,98.24 - 140.99,"269,761","786,055"
FLT,206.78,205.57,205.52 x 1200,205.65 x 900,204.63 - 208.16,161.69 - 265.30,"123,759","607,734"
TYL,359.22,359.00,346.82 x 800,347.25 x 1100,346.45 - 356.98,281.11 - 440.07,"62,768","289,731"
LW,103.58,103.89,104.31 x 800,104.35 x 800,103.42 - 104.58,59.40 - 104.99,"689,404","1,349,337"
MKTX,392.29,386.75,346.53 x 900,347.18 x 900,342.30 - 387.87,217.44 - 399.78,"562,944","359,078"
J,113.54,113.01,112.71 x 1000,112.84 x 800,112.50 - 113.34,106.78 - 150.32,"100,733","665,131"
TXT,69.08,68.56,67.81 x 900,67.84 x 800,67.61 - 68.80,57.11 - 76.11,"494,239","1,442,621"
IPG,37.43,37.10,36.71 x 1800,36.72 x 800,36.17 - 37.20,25.14 - 39.52,"1,985,853","3,492,406"
AVY,175.37,174.81,176.16 x 800,176.26 x 800,175.01 - 176.38,151.62 - 204.37,"131,749","503,011"
CFG,29.17,28.55,28.56 x 1400,28.57 x 800,28.27 - 29.12,28.27 - 45.34,"3,395,458","6,269,232"
CF,72.87,72.16,71.46 x 1000,71.53 x 800,71.35 - 72.57,67.95 - 119.60,"921,800","2,877,921"
CBOE,135.24,135.00,135.34 x 800,135.43 x 1200,134.84 - 136.58,103.82 - 136.58,"160,695","703,686"
PAYC,292.78,291.00,282.88 x 800,283.01 x 900,281.37 - 293.26,255.82 - 402.78,"130,719","518,345"
BG,94.51,94.05,92.14 x 900,92.18 x 800,91.90 - 94.13,80.41 - 128.40,"639,928","1,916,481"
JBHT,171.14,170.55,168.88 x 800,168.96 x 800,168.58 - 171.82,153.92 - 200.64,"208,832","727,475"
LKQ,55.74,55.60,54.61 x 800,54.64 x 1000,54.42 - 55.60,43.37 - 59.33,"209,845","1,702,159"
RE,358.56,356.74,361.91 x 1200,362.45 x 2200,356.83 - 362.31,244.58 - 395.00,"65,926","295,083"
MGM,44.03,43.78,42.97 x 1200,42.98 x 800,42.85 - 43.94,26.41 - 46.24,"1,195,719","4,248,000"
EVRG,60.72,60.98,62.44 x 1100,62.46 x 800,60.98 - 62.68,54.12 - 73.13,"412,970","1,426,180"
EXPE,93.77,93.00,90.58 x 1000,90.61 x 1100,90.15 - 93.14,82.39 - 196.78,"897,570","2,681,693"
RCL,63.80,63.31,62.28 x 900,62.31 x 800,61.89 - 63.97,31.09 - 87.68,"1,161,747","3,845,111"
UAL,42.54,42.32,41.32 x 1100,41.33 x 1200,41.26 - 42.59,31.58 - 55.04,"4,149,290","8,566,491"
ETSY,109.64,108.72,106.15 x 1300,106.23 x 800,104.61 - 108.80,67.01 - 149.91,"1,169,827","3,273,375"
NTAP,62.69,62.42,62.15 x 800,62.17 x 900,62.06 - 62.99,58.08 - 81.00,"824,090","1,889,947"
BRO,57.79,57.60,58.54 x 800,58.57 x 900,57.51 - 58.60,52.82 - 73.86,"276,952","1,158,386"
PTC,127.60,127.45,126.63 x 900,126.87 x 1000,126.15 - 127.45,96.55 - 139.91,"213,386","720,186"
INCY,72.65,72.88,73.81 x 800,73.85 x 800,72.68 - 73.87,65.07 - 86.29,"427,617","1,630,044"
PHM,58.42,58.1600,58.40 x 800,58.41 x 1200,58.06 - 58.85,35.03 - 60.89,"614,122","2,680,931"
ESS,208.28,208.26,209.40 x 800,209.59 x 800,207.82 - 209.72,195.03 - 363.36,"92,475","546,559"
LNT,52.94,53.15,54.47 x 800,54.48 x 1200,53.15 - 54.66,47.19 - 65.37,"616,089","1,585,078"
PKG,138.93,138.92,139.10 x 800,139.18 x 900,138.09 - 139.61,110.56 - 168.50,"188,262","762,273"
POOL,327.48,325.00,320.84 x 1000,321.07 x 900,318.46 - 325.00,278.10 - 473.98,"213,937","429,178"
IP,35.36,35.10,35.21 x 1200,35.22 x 900,35.01 - 35.55,30.69 - 50.23,"781,953","3,161,868"
STX,65.34,64.79,64.14 x 1300,64.17 x 800,63.81 - 64.85,47.47 - 88.25,"493,608","2,547,909"
WRB,62.41,62.17,62.70 x 900,62.74 x 1200,61.97 - 62.95,58.92 - 76.99,"288,164","1,497,613"
SYF,28.93,28.51,28.13 x 900,28.14 x 900,28.02 - 28.85,27.15 - 41.88,"2,382,401","5,832,396"
SNA,236.74,235.11,230.71 x 800,230.89 x 800,229.78 - 235.54,190.08 - 259.78,"157,587","303,426"
TRMB,50.34,50.33,49.42 x 900,49.45 x 800,49.26 - 50.33,47.09 - 73.17,"235,049","1,283,526"
UDR,40.78,40.61,40.72 x 1100,40.73 x 800,40.51 - 41.02,37.18 - 60.01,"653,365","2,478,265"
LDOS,91.59,91.39,91.61 x 800,91.60 x 1200,91.36 - 92.38,87.24 - 111.12,"257,595","938,714"
APA,38.10,37.89,37.52 x 800,37.53 x 800,37.15 - 38.15,30.15 - 51.95,"2,294,481","6,185,124"
AKAM,77.57,77.71,77.07 x 900,77.11 x 900,76.93 - 77.74,70.65 - 123.25,"268,567","1,717,034"
TFX,256.09,256.18,260.84 x 900,261.23 x 800,254.13 - 261.13,182.65 - 349.39,"77,747","342,795"
PEAK,21.68,21.56,21.62 x 2200,21.63 x 1000,21.57 - 21.86,20.21 - 35.72,"1,472,010","4,589,139"
KIM,19.34,19.15,19.15 x 3100,19.16 x 2900,19.02 - 19.25,17.34 - 26.57,"1,092,818","4,827,157"
EQT,32.48,32.69,32.07 x 800,32.09 x 900,31.67 - 32.82,28.11 - 51.97,"1,892,243","7,000,555"
HRL,40.90,41.09,40.88 x 800,40.89 x 900,40.84 - 41.35,37.78 - 55.11,"739,633","2,038,870"
DPZ,328.97,329.05,328.19 x 900,328.54 x 800,327.60 - 332.48,291.00 - 426.44,"245,368","837,347"
WYNN,112.10,111.41,108.74 x 900,108.78 x 1100,108.16 - 111.95,50.20 - 117.17,"802,956","2,529,211"
TECH,73.80,73.74,74.45 x 800,74.50 x 800,72.58 - 74.53,68.00 - 113.81,"192,819","989,981"
VTRS,9.53,9.52,9.63 x 4000,9.64 x 3200,9.51 - 9.69,8.42 - 12.40,"7,416,670","9,569,562"
HST,16.16,16.14,16.03 x 2200,16.04 x 3200,15.99 - 16.18,14.51 - 21.63,"1,470,675","7,610,691"
NDSN,214.65,213.82,210.69 x 900,210.96 x 900,210.18 - 214.02,194.89 - 251.26,"58,102","275,391"
WDC,35.94,35.58,34.78 x 900,34.79 x 2200,34.74 - 35.58,29.73 - 63.26,"2,527,753","4,345,227"
CPT,103.58,103.25,103.70 x 800,103.90 x 900,103.29 - 104.17,97.74 - 175.69,"179,616","910,295"
SWK,77.13,76.46,74.26 x 800,74.32 x 1000,73.91 - 76.59,70.24 - 147.37,"751,180","1,907,416"
BWA,47.43,47.15,46.42 x 800,46.43 x 1000,46.24 - 47.11,31.14 - 51.14,"630,658","2,076,093"
CTLT,62.25,61.60,62.13 x 900,62.18 x 800,61.06 - 62.43,40.69 - 115.33,"389,218","2,324,104"
NI,27.76,27.85,28.42 x 1800,28.43 x 1100,27.81 - 28.58,23.78 - 32.59,"1,143,577","3,971,791"
HSIC,82.49,82.64,83.08 x 900,83.13 x 800,82.40 - 83.14,64.75 - 92.68,"236,516","880,468"
CHRW,94.67,94.63,93.83 x 1000,93.88 x 800,93.39 - 95.43,86.60 - 121.23,"408,581","1,466,268"
CPB,54.61,54.89,55.52 x 1000,55.53 x 800,54.86 - 55.66,44.35 - 57.78,"867,155","2,420,242"
CDAY,72.51,71.94,69.68 x 900,69.75 x 1300,69.44 - 72.22,43.23 - 79.66,"349,800","1,199,375"
KEY,11.73,11.51,11.46 x 2200,11.47 x 3000,11.22 - 11.67,9.61 - 22.17,"13,487,015","20,718,418"
JNPR,34.14,34.17,34.01 x 1800,34.02 x 900,33.96 - 34.38,25.18 - 37.18,"868,616","3,742,067"
L,56.21,55.76,56.01 x 800,56.03 x 1000,55.60 - 56.32,49.36 - 68.20,"186,832","904,990"
MAS,48.54,48.22,47.54 x 1000,47.56 x 800,47.37 - 48.46,42.33 - 58.18,"824,943","1,906,698"
PARA,21.61,21.32,20.97 x 900,20.98 x 3200,20.90 - 21.40,15.29 - 37.00,"4,088,646","11,333,272"
JKHY,148.81,148.66,147.76 x 800,147.93 x 800,147.45 - 149.70,139.28 - 212.62,"143,682","612,395"
CE,106.25,105.22,105.28 x 1100,105.37 x 900,104.36 - 105.72,86.71 - 161.37,"258,546","1,141,977"
MTCH,37.03,36.77,35.71 x 800,35.75 x 800,35.39 - 36.77,34.62 - 106.66,"1,925,606","4,199,288"
FOXA,33.87,33.57,33.58 x 800,33.59 x 800,33.44 - 33.92,28.01 - 40.12,"930,957","2,902,359"
CZR,48.84,48.25,45.55 x 900,45.56 x 900,45.33 - 48.44,31.31 - 75.78,"1,477,263","3,046,919"
KMX,63.50,62.97,61.39 x 900,61.43 x 800,61.15 - 63.37,52.10 - 106.24,"829,081","2,298,665"
TPR,42.16,41.74,40.74 x 800,40.76 x 800,40.48 - 41.99,26.39 - 47.48,"1,257,325","3,333,559"
CRL,197.89,195.00,196.49 x 1200,196.97 x 800,193.86 - 198.24,181.36 - 308.15,"83,526","580,211"
QRVO,97.25,96.50,94.96 x 800,95.05 x 800,94.64 - 96.50,75.38 - 121.27,"411,841","1,312,249"
CCL,9.85,9.78,9.65 x 900,9.66 x 2900,9.61 - 9.89,6.11 - 20.63,"13,116,930","40,961,531"
EMN,82.10,81.03,81.73 x 800,81.78 x 900,80.83 - 82.00,69.91 - 113.34,"257,142","1,043,065"
LYV,69.39,68.70,68.77 x 1300,68.78 x 900,68.20 - 69.11,64.25 - 114.84,"514,919","2,077,331"
BIO,462.32,459.99,465.23 x 1100,466.65 x 800,460.70 - 468.27,344.63 - 607.54,"25,204","167,706"
GEN,17.06,17.02,17.16 x 900,17.17 x 2200,16.97 - 17.22,15.52 - 27.33,"984,663","4,273,486"
TAP,51.94,52.02,52.23 x 900,52.26 x 900,51.93 - 52.47,46.69 - 60.12,"442,366","1,655,539"
GL,107.40,106.43,107.95 x 900,108.07 x 1100,106.22 - 108.16,87.87 - 123.85,"153,381","531,142"
REG,60.87,60.57,60.38 x 1000,60.42 x 800,60.05 - 60.63,51.97 - 73.41,"139,818","961,008"
AAL,14.16,14.06,13.79 x 2900,13.80 x 2200,13.71 - 14.14,11.65 - 21.42,"10,008,082","24,228,100"
ALLE,99.97,99.25,98.35 x 800,98.41 x 1200,98.19 - 99.86,87.33 - 123.46,"402,228","772,755"
PNW,78.68,78.87,80.31 x 1200,80.41 x 800,78.75 - 80.58,59.03 - 80.60,"279,421","961,621"
PNR,53.81,53.39,52.09 x 1200,52.11 x 1000,51.92 - 53.59,38.55 - 60.85,"411,864","1,702,640"
ROL,37.52,37.66,38.65 x 800,38.66 x 1200,37.56 - 38.73,31.43 - 43.06,"611,508","1,350,824"
FFIV,146.04,145.86,146.73 x 900,146.85 x 800,145.76 - 147.12,133.68 - 214.61,"185,230","513,134"
RHI,77.48,77.02,75.04 x 1000,75.11 x 900,74.93 - 77.10,65.40 - 118.41,"247,751","1,015,111"
AOS,65.83,65.46,64.51 x 800,64.55 x 800,64.40 - 66.22,46.58 - 71.87,"408,419","1,182,095"
XRAY,38.97,38.90,39.22 x 900,39.24 x 800,38.83 - 39.27,26.48 - 49.38,"591,855","2,037,665"
BBWI,36.55,36.24,35.37 x 900,35.36 x 1300,35.13 - 36.32,25.75 - 58.17,"722,693","3,025,622"
HII,208.33,207.45,207.98 x 1100,208.20 x 900,207.80 - 209.89,194.36 - 260.02,"86,558","430,368"
UHS,128.36,128.22,127.58 x 1000,127.71 x 900,127.36 - 128.86,82.50 - 158.28,"128,583","635,391"
NRG,33.55,33.50,33.84 x 800,33.85 x 800,33.50 - 34.03,30.25 - 47.82,"664,164","4,235,606"
BEN,26.67,26.35,26.55 x 800,26.56 x 1200,26.33 - 26.68,20.24 - 34.37,"1,159,747","4,034,508"
WRK,30.00,29.72,29.82 x 1000,29.83 x 1100,29.62 - 30.01,26.84 - 54.78,"457,088","2,400,281"
BXP,52.83,52.36,52.27 x 900,52.29 x 800,51.76 - 52.70,46.18 - 128.98,"587,438","1,751,090"
VFC,22.31,22.04,21.61 x 800,21.62 x 2200,21.53 - 22.09,20.03 - 58.88,"1,961,136","8,709,981"
AAP,121.34,121.00,120.19 x 1100,120.20 x 900,119.68 - 121.46,109.05 - 231.43,"334,816","1,367,357"
FRT,98.53,98.00,97.89 x 900,98.03 x 1100,97.25 - 98.27,86.43 - 128.13,"90,521","578,145"
IVZ,15.80,15.63,15.70 x 1200,15.71 x 1400,15.52 - 15.78,13.20 - 22.36,"1,230,921","5,332,186"
WHR,130.45,129.70,129.09 x 900,129.25 x 1000,128.77 - 130.16,124.10 - 199.07,"267,145","759,540"
SEE,45.78,46.72,46.58 x 800,46.63 x 900,46.16 - 47.07,41.24 - 69.97,"540,631","1,146,973"
NWSA,17.32,17.26,17.13 x 1000,17.14 x 1300,17.04 - 17.28,14.87 - 22.20,"631,502","2,942,744"
HAS,52.37,52.00,51.62 x 800,51.61 x 800,51.58 - 52.53,45.75 - 94.22,"367,221","2,046,485"
GNRC,101.80,101.31,99.15 x 800,99.34 x 800,98.00 - 102.65,86.29 - 308.92,"693,906","1,339,124"
AIZ,117.54,116.61,118.21 x 900,118.32 x 800,116.37 - 118.47,104.49 - 194.12,"113,577","439,934"
OGN,23.08,23.07,23.45 x 900,23.46 x 1000,22.95 - 23.60,20.96 - 39.09,"584,831","2,186,503"
DXC,24.88,24.66,24.72 x 800,24.73 x 800,24.52 - 24.87,22.46 - 36.00,"489,047","1,670,913"
NCLH,13.24,13.07,12.88 x 1400,12.89 x 1800,12.86 - 13.24,10.31 - 23.11,"5,257,770","14,906,060"
CMA,40.03,38.84,38.40 x 800,38.44 x 800,38.16 - 40.00,29.17 - 91.33,"2,005,855","3,394,665"
ALK,41.97,41.50,41.38 x 1000,41.39 x 800,41.24 - 41.80,37.20 - 61.55,"663,657","1,566,350"
MHK,95.54,94.66,92.77 x 900,92.92 x 800,92.74 - 95.08,87.02 - 159.00,"173,617","570,929"
RL,115.54,114.34,114.16 x 800,114.21 x 900,113.87 - 115.40,82.23 - 128.94,"369,989","938,047"
NWL,12.18,12.07,11.92 x 1400,11.93 x 1300,11.88 - 12.15,11.25 - 24.70,"1,045,266","4,754,086"
DVA,81.58,81.32,82.23 x 900,82.35 x 800,81.43 - 82.43,65.28 - 124.81,"148,637","660,631"
FOX,31.16,30.91,30.77 x 800,30.78 x 1000,30.73 - 31.13,26.35 - 37.06,"192,372","1,204,337"
ZION,27.71,27.73,27.07 x 900,27.11 x 1400,26.93 - 28.01,22.55 - 66.90,"3,676,073","3,823,242"
LNC,21.59,21.09,20.58 x 1300,20.59 x 800,20.50 - 21.43,19.74 - 69.91,"1,858,101","3,740,754"
FRC,13.79,13.48,13.24 x 800,13.24 x 3100,13.11 - 13.85,11.52 - 171.09,"17,000,482","31,608,796"
NWS,17.46,17.42,17.31 x 1000,17.32 x 800,17.23 - 17.44,15.15 - 22.46,"163,080","963,604"
DISH,8.65,8.58,8.43 x 900,8.44 x 2200,8.31 - 8.60,8.31 - 33.74,"2,499,730","6,597,129"
